disase_id,sh_id,drug_id,ic50,ic50_post_sh,ic50_diff
Ovarian Carcinoma,ENSG00000084207,Carboplatin,3.5006186962127686,1.924767017364502,-1.5758516788482666
Ovarian Carcinoma,ENSG00000084207,Carboplatin,2.5083518028259277,3.8715016841888428,1.363149881362915
Ovarian Carcinoma,ENSG00000084207,Carboplatin,5.435810565948486,3.6401727199554443,-1.795637845993042
Ovarian Carcinoma,ENSG00000084207,Carboplatin,3.968564987182617,3.778860569000244,-0.18970441818237305
Ovarian Carcinoma,ENSG00000084207,Carboplatin,4.901503562927246,2.078073501586914,-2.823430061340332
Ovarian Carcinoma,ENSG00000084207,Carboplatin,5.416706562042236,5.948183536529541,0.5314769744873047
Ovarian Carcinoma,ENSG00000084207,Carboplatin,3.440063953399658,1.192680835723877,-2.2473831176757812
Ovarian Carcinoma,ENSG00000084207,Carboplatin,3.0863118171691895,1.8544323444366455,-1.231879472732544
Ovarian Carcinoma,ENSG00000084207,Carboplatin,1.5551631450653076,0.5006546974182129,-1.0545084476470947
Ovarian Carcinoma,ENSG00000084207,Carboplatin,3.5439465045928955,0.9385195374488831,-2.6054270267486572
Ovarian Carcinoma,ENSG00000084207,Paclitaxel,-1.59114670753479,-1.0693426132202148,0.5218040943145752
Ovarian Carcinoma,ENSG00000084207,Paclitaxel,2.215026378631592,1.8570537567138672,-0.3579726219177246
Ovarian Carcinoma,ENSG00000084207,Paclitaxel,-1.4756147861480713,1.7445216178894043,3.2201364040374756
Ovarian Carcinoma,ENSG00000084207,Paclitaxel,0.15463337302207947,2.302558660507202,2.14792537689209
Ovarian Carcinoma,ENSG00000084207,Paclitaxel,-1.0647056102752686,-1.3622565269470215,-0.29755091667175293
Ovarian Carcinoma,ENSG00000084207,Paclitaxel,1.100407361984253,1.3610777854919434,0.26067042350769043
Ovarian Carcinoma,ENSG00000084207,Paclitaxel,-1.8408286571502686,-1.559762716293335,0.2810659408569336
Ovarian Carcinoma,ENSG00000084207,Paclitaxel,-0.5806339383125305,-0.7444576025009155,-0.163823664188385
Ovarian Carcinoma,ENSG00000084207,Paclitaxel,0.8678147196769714,0.05635237693786621,-0.8114623427391052
Ovarian Carcinoma,ENSG00000084207,Paclitaxel,-1.1626250743865967,-1.4308106899261475,-0.2681856155395508
Ovarian Carcinoma,ENSG00000084207,Cisplatin,3.087207555770874,1.0823917388916016,-2.0048158168792725
Ovarian Carcinoma,ENSG00000084207,Cisplatin,3.704514265060425,3.9578449726104736,0.25333070755004883
Ovarian Carcinoma,ENSG00000084207,Cisplatin,4.322742938995361,3.4637718200683594,-0.858971118927002
Ovarian Carcinoma,ENSG00000084207,Cisplatin,3.6988677978515625,3.592536687850952,-0.10633111000061035
Ovarian Carcinoma,ENSG00000084207,Cisplatin,4.045576095581055,1.7346019744873047,-2.31097412109375
Ovarian Carcinoma,ENSG00000084207,Cisplatin,5.703999996185303,5.617311477661133,-0.08668851852416992
Ovarian Carcinoma,ENSG00000084207,Cisplatin,3.5462048053741455,4.110933303833008,0.5647284984588623
Ovarian Carcinoma,ENSG00000084207,Cisplatin,2.4962329864501953,0.9438663721084595,-1.5523666143417358
Ovarian Carcinoma,ENSG00000084207,Cisplatin,1.9218883514404297,1.269904375076294,-0.6519839763641357
Ovarian Carcinoma,ENSG00000084207,Cisplatin,3.089769124984741,1.4718043804168701,-1.617964744567871
Prostate Cancer,ENSG00000171862,Everolimus,2.674379825592041,2.498749256134033,-0.1756305694580078
Prostate Cancer,ENSG00000171862,Everolimus,2.5061542987823486,1.2638494968414307,-1.242304801940918
B-lymphoblastic Leukemia/lymphoma,ENSG00000185811,Imatinib,0.7614228129386902,3.5085642337799072,2.7471413612365723
B-lymphoblastic Leukemia/lymphoma,ENSG00000185811,Imatinib,1.9089429378509521,0.5319507718086243,-1.3769922256469727
B-lymphoblastic Leukemia/lymphoma,ENSG00000185811,Imatinib,-0.06458383798599243,2.4920220375061035,2.556605815887451
B-lymphoblastic Leukemia/lymphoma,ENSG00000185811,Imatinib,0.2638472616672516,2.9876632690429688,2.72381591796875
B-lymphoblastic Leukemia/lymphoma,ENSG00000185811,Imatinib,0.2880485951900482,3.208902597427368,2.920854091644287
B-lymphoblastic Leukemia/lymphoma,ENSG00000185811,Imatinib,-1.11033296585083,2.0605475902557373,3.1708805561065674
B-lymphoblastic Leukemia/lymphoma,ENSG00000185811,Daunorubicin,-0.36649519205093384,2.5711019039154053,2.9375970363616943
B-lymphoblastic Leukemia/lymphoma,ENSG00000185811,Daunorubicin,-1.0647354125976562,0.33026358485221863,1.3949990272521973
B-lymphoblastic Leukemia/lymphoma,ENSG00000185811,Daunorubicin,-0.7348414063453674,1.285964012145996,2.0208053588867188
B-lymphoblastic Leukemia/lymphoma,ENSG00000185811,Daunorubicin,-0.9023407101631165,2.301978349685669,3.2043190002441406
B-lymphoblastic Leukemia/lymphoma,ENSG00000185811,Daunorubicin,-0.33018654584884644,2.618492841720581,2.9486794471740723
B-lymphoblastic Leukemia/lymphoma,ENSG00000185811,Daunorubicin,-2.8370895385742188,2.3001978397369385,5.137287139892578
B-lymphoblastic Leukemia/lymphoma,ENSG00000185811,Cytarabine,-0.020509004592895508,1.6611347198486328,1.6816437244415283
B-lymphoblastic Leukemia/lymphoma,ENSG00000185811,Cytarabine,0.8877683281898499,0.10323071479797363,-0.7845376133918762
B-lymphoblastic Leukemia/lymphoma,ENSG00000185811,Cytarabine,1.2895636558532715,2.7939279079437256,1.504364252090454
B-lymphoblastic Leukemia/lymphoma,ENSG00000185811,Cytarabine,1.0957305431365967,3.4742534160614014,2.3785228729248047
B-lymphoblastic Leukemia/lymphoma,ENSG00000185811,Cytarabine,0.659553587436676,2.5659210681915283,1.906367540359497
B-lymphoblastic Leukemia/lymphoma,ENSG00000185811,Cytarabine,-0.7366527915000916,1.3714556694030762,2.1081085205078125
B-lymphoblastic Leukemia/lymphoma,ENSG00000185811,Methotrexate,0.36770814657211304,3.919766426086426,3.552058219909668
B-lymphoblastic Leukemia/lymphoma,ENSG00000185811,Methotrexate,1.0635842084884644,0.7039067149162292,-0.3596774935722351
B-lymphoblastic Leukemia/lymphoma,ENSG00000185811,Methotrexate,0.4244469106197357,2.7179505825042725,2.293503761291504
B-lymphoblastic Leukemia/lymphoma,ENSG00000185811,Methotrexate,0.8225485682487488,3.250959634780884,2.4284110069274902
B-lymphoblastic Leukemia/lymphoma,ENSG00000185811,Methotrexate,0.34841039776802063,3.7803871631622314,3.431976795196533
B-lymphoblastic Leukemia/lymphoma,ENSG00000185811,Methotrexate,-0.05552023649215698,3.3880348205566406,3.4435551166534424
B-lymphoblastic Leukemia/lymphoma,ENSG00000185811,Fludarabine,0.24369321763515472,2.6229140758514404,2.379220962524414
B-lymphoblastic Leukemia/lymphoma,ENSG00000185811,Fludarabine,1.1117850542068481,0.5545332431793213,-0.5572518110275269
B-lymphoblastic Leukemia/lymphoma,ENSG00000185811,Fludarabine,0.930793821811676,3.1095426082611084,2.178748846054077
B-lymphoblastic Leukemia/lymphoma,ENSG00000185811,Fludarabine,1.242767333984375,3.423180341720581,2.180413007736206
B-lymphoblastic Leukemia/lymphoma,ENSG00000185811,Fludarabine,0.29666614532470703,3.5162928104400635,3.2196266651153564
B-lymphoblastic Leukemia/lymphoma,ENSG00000185811,Fludarabine,0.16872194409370422,2.435447931289673,2.266726016998291
Head And Neck Squamous Cell Carcinoma,ENSG00000188641,Fluorouracil,4.306672096252441,5.2346320152282715,0.9279599189758301
Head And Neck Squamous Cell Carcinoma,ENSG00000188641,Leucovorin,3.9916961193084717,5.048864841461182,1.05716872215271
Cancer,ENSG00000085224,Fluorouracil,3.2262027263641357,4.267986297607422,1.0417835712432861
Cancer,ENSG00000085224,Fluorouracil,3.0233330726623535,1.020803689956665,-2.0025293827056885
Cancer,ENSG00000085224,Fluorouracil,3.6396167278289795,1.9846322536468506,-1.654984474182129
Cancer,ENSG00000085224,Fluorouracil,1.7664048671722412,2.106441020965576,0.34003615379333496
Cancer,ENSG00000085224,Fluorouracil,4.255133628845215,3.648472309112549,-0.606661319732666
Cancer,ENSG00000085224,Fluorouracil,4.1064043045043945,5.420246124267578,1.3138418197631836
Cancer,ENSG00000085224,Fluorouracil,3.8633596897125244,2.9659674167633057,-0.8973922729492188
Cancer,ENSG00000085224,Fluorouracil,1.7087957859039307,2.366447687149048,0.6576519012451172
Cancer,ENSG00000085224,Fluorouracil,3.4686267375946045,2.989135503768921,-0.4794912338256836
Cancer,ENSG00000085224,Fluorouracil,3.158773183822632,2.6396100521087646,-0.5191631317138672
Cancer,ENSG00000085224,Fluorouracil,2.8312485218048096,5.1193718910217285,2.288123369216919
Cancer,ENSG00000085224,Fluorouracil,3.9066407680511475,3.181718111038208,-0.7249226570129395
Cancer,ENSG00000085224,Fluorouracil,2.1774959564208984,1.8109617233276367,-0.3665342330932617
Cancer,ENSG00000085224,Fluorouracil,4.148615837097168,3.7198915481567383,-0.4287242889404297
Cancer,ENSG00000085224,Fluorouracil,3.5463104248046875,3.185875177383423,-0.36043524742126465
Cancer,ENSG00000085224,Fluorouracil,4.853261470794678,1.515416145324707,-3.3378453254699707
Cancer,ENSG00000085224,Fluorouracil,3.9069936275482178,4.304784774780273,0.39779114723205566
Cancer,ENSG00000085224,Fluorouracil,2.369936227798462,0.6991199254989624,-1.6708163022994995
Cancer,ENSG00000085224,Fluorouracil,1.0658619403839111,1.4680664539337158,0.4022045135498047
Cancer,ENSG00000085224,Fluorouracil,2.951068639755249,2.4911210536956787,-0.4599475860595703
Cancer,ENSG00000085224,Fluorouracil,5.006065845489502,5.1642165184021,0.15815067291259766
Cancer,ENSG00000085224,Fluorouracil,2.660921335220337,2.2796764373779297,-0.3812448978424072
Cancer,ENSG00000085224,Fluorouracil,2.758660078048706,1.495119571685791,-1.263540506362915
Cancer,ENSG00000085224,Fluorouracil,2.908170700073242,1.100541591644287,-1.807629108428955
Cancer,ENSG00000085224,Fluorouracil,1.6237218379974365,3.0228776931762695,1.399155855178833
Cancer,ENSG00000085224,Fluorouracil,4.41344690322876,4.739593982696533,0.32614707946777344
Cancer,ENSG00000085224,Fluorouracil,2.507460832595825,2.4873905181884766,-0.020070314407348633
Cancer,ENSG00000085224,Fluorouracil,4.023703575134277,1.1198811531066895,-2.903822422027588
Cancer,ENSG00000085224,Fluorouracil,4.71287202835083,5.207430362701416,0.49455833435058594
Cancer,ENSG00000085224,Fluorouracil,3.838914632797241,1.371065378189087,-2.4678492546081543
Cancer,ENSG00000085224,Fluorouracil,0.9694010615348816,1.3822839260101318,0.41288286447525024
Cancer,ENSG00000085224,Fluorouracil,1.3633811473846436,0.08577051758766174,-1.2776106595993042
Cancer,ENSG00000085224,Fluorouracil,4.535658359527588,1.3871698379516602,-3.1484885215759277
Cancer,ENSG00000085224,Fluorouracil,3.562443971633911,2.5304811000823975,-1.0319628715515137
Cancer,ENSG00000085224,Fluorouracil,3.175020933151245,1.445793867111206,-1.729227066040039
Cancer,ENSG00000085224,Fluorouracil,3.4594476222991943,1.107653260231018,-2.3517942428588867
Cancer,ENSG00000085224,Fluorouracil,3.9198243618011475,2.816689968109131,-1.1031343936920166
Cancer,ENSG00000085224,Fluorouracil,3.452941417694092,3.27413272857666,-0.17880868911743164
Cancer,ENSG00000085224,Fluorouracil,5.184140682220459,1.9285476207733154,-3.2555930614471436
Cancer,ENSG00000085224,Fluorouracil,3.2442476749420166,1.145789384841919,-2.0984582901000977
Cancer,ENSG00000085224,Fluorouracil,3.8142027854919434,2.1059112548828125,-1.7082915306091309
Cancer,ENSG00000085224,Fluorouracil,4.306672096252441,4.567196369171143,0.26052427291870117
Cancer,ENSG00000085224,Fluorouracil,0.8682364225387573,-0.07859566807746887,-0.9468320608139038
Cancer,ENSG00000085224,Fluorouracil,3.3347177505493164,3.7377848625183105,0.40306711196899414
Cancer,ENSG00000085224,Fluorouracil,0.7671670317649841,-0.6430322527885437,-1.4101992845535278
Cancer,ENSG00000085224,Fluorouracil,3.4597060680389404,4.5428595542907715,1.083153486251831
Cancer,ENSG00000085224,Fluorouracil,4.482725620269775,-0.012000858783721924,-4.494726657867432
Cancer,ENSG00000085224,Fluorouracil,1.9373741149902344,-0.05993854999542236,-1.9973126649856567
Cancer,ENSG00000085224,Fluorouracil,2.041074514389038,0.7371074557304382,-1.303966999053955
Cancer,ENSG00000085224,Fluorouracil,2.4574508666992188,0.6244521737098694,-1.8329987525939941
Cancer,ENSG00000085224,Fluorouracil,0.8535197973251343,-0.08812227845191956,-0.9416420459747314
Cancer,ENSG00000085224,Fluorouracil,0.9489587545394897,-0.5156375765800476,-1.4645962715148926
Cancer,ENSG00000085224,Fluorouracil,0.9576788544654846,-0.8823140263557434,-1.839992880821228
Cancer,ENSG00000085224,Fluorouracil,0.9665820002555847,-0.29711323976516724,-1.263695240020752
Cancer,ENSG00000085224,Fluorouracil,3.382469415664673,2.843912363052368,-0.5385570526123047
Cancer,ENSG00000085224,Fluorouracil,-0.18167313933372498,-1.525463581085205,-1.3437904119491577
Cancer,ENSG00000085224,Fluorouracil,3.804506540298462,2.244163990020752,-1.56034255027771
Cancer,ENSG00000085224,Fluorouracil,3.8237762451171875,4.454489231109619,0.6307129859924316
Cancer,ENSG00000085224,Fluorouracil,4.69180965423584,3.5854642391204834,-1.1063454151153564
Cancer,ENSG00000085224,Fluorouracil,2.5995402336120605,0.6453593373298645,-1.9541809558868408
Cancer,ENSG00000085224,Fluorouracil,1.1370093822479248,0.368364542722702,-0.7686448097229004
Cancer,ENSG00000085224,Fluorouracil,3.855792760848999,-0.03518021106719971,-3.8909730911254883
Cancer,ENSG00000085224,Cisplatin,2.878042459487915,3.9465372562408447,1.0684947967529297
Cancer,ENSG00000085224,Cisplatin,2.950476884841919,2.4447591304779053,-0.5057177543640137
Cancer,ENSG00000085224,Cisplatin,4.170542240142822,2.2938809394836426,-1.8766613006591797
Cancer,ENSG00000085224,Cisplatin,3.3125908374786377,2.8726725578308105,-0.43991827964782715
Cancer,ENSG00000085224,Cisplatin,3.862949848175049,4.290120601654053,0.4271707534790039
Cancer,ENSG00000085224,Cisplatin,4.045160293579102,5.514288425445557,1.469128131866455
Cancer,ENSG00000085224,Cisplatin,4.40912389755249,3.9948208332061768,-0.4143030643463135
Cancer,ENSG00000085224,Cisplatin,3.7904679775238037,3.912358522415161,0.12189054489135742
Cancer,ENSG00000085224,Cisplatin,3.0902206897735596,3.4044907093048096,0.31427001953125
Cancer,ENSG00000085224,Cisplatin,4.530792713165283,4.080190181732178,-0.45060253143310547
Cancer,ENSG00000085224,Cisplatin,3.7325921058654785,5.122159004211426,1.3895668983459473
Cancer,ENSG00000085224,Cisplatin,3.462956666946411,3.8392066955566406,0.3762500286102295
Cancer,ENSG00000085224,Cisplatin,3.378727674484253,3.280885934829712,-0.09784173965454102
Cancer,ENSG00000085224,Cisplatin,3.964869737625122,4.29880952835083,0.333939790725708
Cancer,ENSG00000085224,Cisplatin,3.2229573726654053,3.914114475250244,0.6911571025848389
Cancer,ENSG00000085224,Cisplatin,4.5622029304504395,3.492455244064331,-1.0697476863861084
Cancer,ENSG00000085224,Cisplatin,4.966533184051514,4.517216205596924,-0.44931697845458984
Cancer,ENSG00000085224,Cisplatin,2.8801417350769043,1.7807440757751465,-1.0993976593017578
Cancer,ENSG00000085224,Cisplatin,2.7442967891693115,2.517838716506958,-0.22645807266235352
Cancer,ENSG00000085224,Cisplatin,3.909083843231201,2.8869788646698,-1.0221049785614014
Cancer,ENSG00000085224,Cisplatin,5.154999256134033,5.359759330749512,0.20476007461547852
Cancer,ENSG00000085224,Cisplatin,1.6876516342163086,1.6946437358856201,0.0069921016693115234
Cancer,ENSG00000085224,Cisplatin,3.010807514190674,2.6470627784729004,-0.36374473571777344
Cancer,ENSG00000085224,Cisplatin,3.087207555770874,0.6787339448928833,-2.408473491668701
Cancer,ENSG00000085224,Cisplatin,3.704514265060425,4.293091297149658,0.5885770320892334
Cancer,ENSG00000085224,Cisplatin,4.322742938995361,4.065979480743408,-0.2567634582519531
Cancer,ENSG00000085224,Cisplatin,3.6988677978515625,3.4178779125213623,-0.2809898853302002
Cancer,ENSG00000085224,Cisplatin,4.045576095581055,0.7970952391624451,-3.248480796813965
Cancer,ENSG00000085224,Cisplatin,5.703999996185303,5.837018013000488,0.13301801681518555
Cancer,ENSG00000085224,Cisplatin,3.5462048053741455,3.974431276321411,0.4282264709472656
Cancer,ENSG00000085224,Cisplatin,2.4962329864501953,1.353724718093872,-1.1425082683563232
Cancer,ENSG00000085224,Cisplatin,1.9218883514404297,1.8121893405914307,-0.10969901084899902
Cancer,ENSG00000085224,Cisplatin,3.089769124984741,1.6371476650238037,-1.4526214599609375
Cancer,ENSG00000085224,Cisplatin,4.354276180267334,3.364994764328003,-0.989281415939331
Cancer,ENSG00000085224,Cisplatin,4.013677597045898,2.941424608230591,-1.0722529888153076
Cancer,ENSG00000085224,Cisplatin,3.2690646648406982,2.9467685222625732,-0.322296142578125
Cancer,ENSG00000085224,Cisplatin,3.552137613296509,3.3674509525299072,-0.18468666076660156
Cancer,ENSG00000085224,Cisplatin,3.550687074661255,3.8161895275115967,0.2655024528503418
Cancer,ENSG00000085224,Cisplatin,3.739867925643921,2.7362020015716553,-1.0036659240722656
Cancer,ENSG00000085224,Cisplatin,3.5667061805725098,0.8737557530403137,-2.692950487136841
Cancer,ENSG00000085224,Cisplatin,2.4335126876831055,2.263150453567505,-0.17036223411560059
Cancer,ENSG00000085224,Cisplatin,3.7185771465301514,4.468881130218506,0.7503039836883545
Cancer,ENSG00000085224,Cisplatin,1.8051586151123047,1.972287893295288,0.1671292781829834
Cancer,ENSG00000085224,Cisplatin,4.400723934173584,4.976889610290527,0.5761656761169434
Cancer,ENSG00000085224,Cisplatin,1.9100239276885986,1.274322271347046,-0.6357016563415527
Cancer,ENSG00000085224,Cisplatin,4.547786712646484,4.950947284698486,0.40316057205200195
Cancer,ENSG00000085224,Cisplatin,3.865283727645874,1.4102518558502197,-2.4550318717956543
Cancer,ENSG00000085224,Cisplatin,3.6398472785949707,1.1708225011825562,-2.469024658203125
Cancer,ENSG00000085224,Cisplatin,3.6840219497680664,1.4412591457366943,-2.242762804031372
Cancer,ENSG00000085224,Cisplatin,3.8038952350616455,1.8147814273834229,-1.9891138076782227
Cancer,ENSG00000085224,Cisplatin,2.7716481685638428,0.5808422565460205,-2.1908059120178223
Cancer,ENSG00000085224,Cisplatin,2.9394490718841553,0.6348695158958435,-2.304579496383667
Cancer,ENSG00000085224,Cisplatin,2.784754514694214,0.6415932178497314,-2.1431612968444824
Cancer,ENSG00000085224,Cisplatin,3.248231887817383,0.8275067806243896,-2.420725107192993
Cancer,ENSG00000085224,Cisplatin,2.792890787124634,3.092468023300171,0.2995772361755371
Cancer,ENSG00000085224,Cisplatin,2.4885833263397217,1.0612964630126953,-1.4272868633270264
Cancer,ENSG00000085224,Cisplatin,2.9931118488311768,3.205918073654175,0.21280622482299805
Cancer,ENSG00000085224,Cisplatin,3.7659170627593994,4.745641231536865,0.9797241687774658
Cancer,ENSG00000085224,Cisplatin,2.703341007232666,2.2979938983917236,-0.4053471088409424
Cancer,ENSG00000085224,Cisplatin,2.935065746307373,1.8785457611083984,-1.0565199851989746
Cancer,ENSG00000085224,Cisplatin,2.696826696395874,1.3962101936340332,-1.3006165027618408
Cancer,ENSG00000085224,Cisplatin,3.798480987548828,1.1323637962341309,-2.6661171913146973
Solid Tumor,ENSG00000099810,Anvumetostat,3.924734115600586,4.632322788238525,0.7075886726379395
Solid Tumor,ENSG00000099810,Anvumetostat,1.2083826065063477,-1.6159391403198242,-2.824321746826172
Solid Tumor,ENSG00000099810,Anvumetostat,-0.1472344696521759,0.36880600452423096,0.5160404443740845
Solid Tumor,ENSG00000099810,Anvumetostat,1.6020841598510742,0.7436391711235046,-0.8584449887275696
Solid Tumor,ENSG00000099810,Anvumetostat,3.5920825004577637,3.385589361190796,-0.20649313926696777
Solid Tumor,ENSG00000099810,Anvumetostat,2.4438679218292236,3.7733957767486572,1.3295278549194336
Solid Tumor,ENSG00000099810,Anvumetostat,4.152012825012207,2.401364803314209,-1.750648021697998
Solid Tumor,ENSG00000099810,Anvumetostat,2.7634589672088623,0.6522223353385925,-2.111236572265625
Solid Tumor,ENSG00000099810,Anvumetostat,1.4669208526611328,3.169586181640625,1.7026653289794922
Solid Tumor,ENSG00000099810,Anvumetostat,4.77157735824585,3.644462823867798,-1.1271145343780518
Solid Tumor,ENSG00000099810,Anvumetostat,3.4596898555755615,4.189858913421631,0.7301690578460693
Solid Tumor,ENSG00000099810,Anvumetostat,3.759719133377075,4.881778240203857,1.1220591068267822
Solid Tumor,ENSG00000099810,Anvumetostat,3.0217297077178955,1.7011198997497559,-1.3206098079681396
Solid Tumor,ENSG00000099810,Anvumetostat,3.726173162460327,2.042628526687622,-1.683544635772705
Solid Tumor,ENSG00000099810,Anvumetostat,3.5513532161712646,4.86883544921875,1.3174822330474854
Solid Tumor,ENSG00000099810,Anvumetostat,3.2010350227355957,3.06207537651062,-0.13895964622497559
Solid Tumor,ENSG00000099810,Anvumetostat,4.888198375701904,3.492694616317749,-1.3955037593841553
Solid Tumor,ENSG00000099810,Anvumetostat,2.3775689601898193,0.5232062935829163,-1.8543627262115479
Solid Tumor,ENSG00000099810,Anvumetostat,1.4996123313903809,0.30715078115463257,-1.1924614906311035
Solid Tumor,ENSG00000099810,Anvumetostat,1.2268729209899902,2.825327157974243,1.598454236984253
Solid Tumor,ENSG00000099810,Anvumetostat,2.8602561950683594,2.8066673278808594,-0.0535888671875
Solid Tumor,ENSG00000099810,Anvumetostat,0.8710059523582458,-0.3753296136856079,-1.246335506439209
Solid Tumor,ENSG00000099810,Anvumetostat,2.718684434890747,2.3181755542755127,-0.4005088806152344
Solid Tumor,ENSG00000099810,Anvumetostat,1.011509656906128,-0.4606415629386902,-1.472151279449463
Solid Tumor,ENSG00000099810,Anvumetostat,3.171891450881958,1.7904560565948486,-1.3814353942871094
Solid Tumor,ENSG00000099810,Anvumetostat,2.457380533218384,1.7318928241729736,-0.7254877090454102
Solid Tumor,ENSG00000099810,Anvumetostat,4.059828758239746,2.55169939994812,-1.508129358291626
Solid Tumor,ENSG00000099810,Anvumetostat,-0.22639870643615723,0.9018524885177612,1.1282511949539185
Solid Tumor,ENSG00000099810,Anvumetostat,3.1808793544769287,1.5609135627746582,-1.6199657917022705
Solid Tumor,ENSG00000099810,Anvumetostat,2.892677068710327,0.36896613240242004,-2.5237109661102295
Solid Tumor,ENSG00000099810,Anvumetostat,1.125438928604126,-0.12117722630500793,-1.2466161251068115
Solid Tumor,ENSG00000099810,Anvumetostat,1.718895435333252,0.6527926921844482,-1.0661027431488037
Solid Tumor,ENSG00000099810,Anvumetostat,2.866922616958618,-0.6945894956588745,-3.561511993408203
Solid Tumor,ENSG00000099810,Anvumetostat,2.554858446121216,1.990243673324585,-0.5646147727966309
Solid Tumor,ENSG00000099810,Anvumetostat,2.9448165893554688,0.6127575039863586,-2.332059144973755
Solid Tumor,ENSG00000099810,Anvumetostat,1.3072712421417236,1.2068231105804443,-0.1004481315612793
Solid Tumor,ENSG00000099810,Anvumetostat,0.07793311774730682,1.3092384338378906,1.2313053607940674
Solid Tumor,ENSG00000099810,Anvumetostat,1.9233355522155762,2.8043062686920166,0.8809707164764404
Solid Tumor,ENSG00000099810,Anvumetostat,2.592103958129883,0.8573629260063171,-1.734740972518921
Solid Tumor,ENSG00000099810,Anvumetostat,1.4373559951782227,0.21066033840179443,-1.2266956567764282
Solid Tumor,ENSG00000099810,Anvumetostat,0.925853967666626,0.73236083984375,-0.19349312782287598
Solid Tumor,ENSG00000099810,Anvumetostat,2.351933717727661,2.932905435562134,0.5809717178344727
Solid Tumor,ENSG00000099810,Anvumetostat,1.310417890548706,0.20149734616279602,-1.1089205741882324
Solid Tumor,ENSG00000099810,Anvumetostat,3.6356594562530518,2.5455665588378906,-1.0900928974151611
Solid Tumor,ENSG00000099810,Anvumetostat,1.4973011016845703,0.3926340341567993,-1.104667067527771
Solid Tumor,ENSG00000099810,Anvumetostat,1.143920660018921,1.2915127277374268,0.14759206771850586
Solid Tumor,ENSG00000099810,Anvumetostat,1.741346836090088,-3.988539457321167,-5.729886054992676
Solid Tumor,ENSG00000099810,Anvumetostat,2.6873462200164795,0.3032534718513489,-2.3840928077697754
Solid Tumor,ENSG00000099810,Anvumetostat,2.4679019451141357,1.1273083686828613,-1.3405935764312744
Solid Tumor,ENSG00000099810,Anvumetostat,2.299041986465454,1.9302716255187988,-0.3687703609466553
Solid Tumor,ENSG00000099810,Anvumetostat,1.755840539932251,-0.1494837999343872,-1.9053243398666382
Solid Tumor,ENSG00000099810,Anvumetostat,1.6266796588897705,-0.8150445818901062,-2.4417243003845215
Solid Tumor,ENSG00000099810,Anvumetostat,1.5765018463134766,-0.24608606100082397,-1.8225879669189453
Solid Tumor,ENSG00000099810,Anvumetostat,0.8150330185890198,-1.3779947757720947,-2.1930277347564697
Solid Tumor,ENSG00000099810,Anvumetostat,3.157731771469116,3.2868294715881348,0.12909770011901855
Solid Tumor,ENSG00000099810,Anvumetostat,-0.06851151585578918,-1.9705276489257812,-1.9020161628723145
Solid Tumor,ENSG00000099810,Anvumetostat,1.4727561473846436,3.8577616214752197,2.385005474090576
Solid Tumor,ENSG00000099810,Anvumetostat,1.0110746622085571,3.9416513442993164,2.930576801300049
Solid Tumor,ENSG00000099810,Anvumetostat,0.9232650399208069,0.7163810729980469,-0.20688396692276
Solid Tumor,ENSG00000099810,Anvumetostat,2.0328516960144043,2.9754638671875,0.9426121711730957
Solid Tumor,ENSG00000099810,Anvumetostat,2.372755289077759,0.6478113532066345,-1.7249438762664795
Solid Tumor,ENSG00000099810,Anvumetostat,3.494561195373535,2.2578673362731934,-1.2366938591003418
Bladder Carcinoma,ENSG00000165699,Everolimus,1.569326639175415,0.7969769239425659,-0.7723497152328491
Bladder Carcinoma,ENSG00000165699,Everolimus,1.576767921447754,-0.12172883749008179,-1.6984968185424805
Ovarian Cancer,ENSG00000012048,Olaparib,4.130836009979248,0.8907265663146973,-3.240109443664551
Ovarian Cancer,ENSG00000012048,Olaparib,4.5977702140808105,2.9097867012023926,-1.687983512878418
Ovarian Cancer,ENSG00000012048,Olaparib,5.568398475646973,3.467698335647583,-2.1007001399993896
Ovarian Cancer,ENSG00000012048,Olaparib,4.577750205993652,2.9599673748016357,-1.6177828311920166
Ovarian Cancer,ENSG00000012048,Olaparib,4.454892635345459,2.1805994510650635,-2.2742931842803955
Ovarian Cancer,ENSG00000012048,Olaparib,4.042972564697266,3.9726688861846924,-0.07030367851257324
Ovarian Cancer,ENSG00000012048,Olaparib,3.892374277114868,0.588565468788147,-3.3038086891174316
Ovarian Cancer,ENSG00000012048,Olaparib,2.746952533721924,0.3827517330646515,-2.3642008304595947
Ovarian Cancer,ENSG00000012048,Olaparib,2.461519956588745,0.9990077018737793,-1.4625122547149658
Ovarian Cancer,ENSG00000012048,Olaparib,4.7092156410217285,1.7675018310546875,-2.941713809967041
Ovarian Cancer,ENSG00000139618,Olaparib,4.130836009979248,3.4215123653411865,-0.7093236446380615
Ovarian Cancer,ENSG00000139618,Olaparib,4.5977702140808105,2.254866123199463,-2.3429040908813477
Ovarian Cancer,ENSG00000139618,Olaparib,5.568398475646973,0.8136594295501709,-4.754738807678223
Ovarian Cancer,ENSG00000139618,Olaparib,4.577750205993652,2.772430658340454,-1.8053195476531982
Ovarian Cancer,ENSG00000139618,Olaparib,4.454892635345459,3.066348075866699,-1.3885445594787598
Ovarian Cancer,ENSG00000139618,Olaparib,4.042972564697266,3.4088523387908936,-0.6341202259063721
Ovarian Cancer,ENSG00000139618,Olaparib,3.892374277114868,0.28075096011161804,-3.6116232872009277
Ovarian Cancer,ENSG00000139618,Olaparib,2.746952533721924,1.3330893516540527,-1.413863182067871
Ovarian Cancer,ENSG00000139618,Olaparib,2.461519956588745,1.130408525466919,-1.3311114311218262
Ovarian Cancer,ENSG00000139618,Olaparib,4.7092156410217285,1.8699951171875,-2.8392205238342285
T-cell Lymphoblastic Leukemia/lymphoma,ENSG00000112576,Palbociclib,1.2442991733551025,7.602506160736084,6.358206748962402
T-cell Lymphoblastic Leukemia/lymphoma,ENSG00000112576,Palbociclib,0.026175230741500854,5.641687870025635,5.615512847900391
Prostate Cancer,ENSG00000171862,Temsirolimus,2.3168983459472656,2.1909642219543457,-0.12593412399291992
Prostate Cancer,ENSG00000171862,Temsirolimus,2.7891268730163574,1.5107934474945068,-1.2783334255218506
Ovarian Serous Carcinoma,ENSG00000167258,Olaparib,4.7092156410217285,1.91243314743042,-2.7967824935913086
Prostate Cancer,ENSG00000139618,Olaparib,4.003846645355225,2.505389928817749,-1.4984567165374756
Prostate Cancer,ENSG00000139618,Olaparib,4.928081035614014,1.2819979190826416,-3.646083116531372
Melanoma,ENSG00000171862,Uprosertib,2.1502130031585693,1.6790788173675537,-0.4711341857910156
Melanoma,ENSG00000171862,Uprosertib,2.5256688594818115,0.9435528516769409,-1.5821160078048706
Melanoma,ENSG00000171862,Uprosertib,2.753998279571533,2.4210503101348877,-0.3329479694366455
Melanoma,ENSG00000171862,Uprosertib,2.8522608280181885,2.360487699508667,-0.4917731285095215
Melanoma,ENSG00000171862,Uprosertib,1.721407175064087,-0.4622238278388977,-2.18363094329834
Melanoma,ENSG00000171862,Uprosertib,1.838336706161499,-1.1741890907287598,-3.012525796890259
Melanoma,ENSG00000171862,Uprosertib,1.4356508255004883,-1.0128448009490967,-2.448495626449585
Melanoma,ENSG00000171862,Uprosertib,1.2217321395874023,-0.8635661005973816,-2.0852982997894287
Melanoma,ENSG00000171862,Uprosertib,3.0847737789154053,2.9998910427093506,-0.08488273620605469
Breast Cancer,ENSG00000171862,PI3Kbeta Inhibitor AZD8186,3.3092710971832275,4.54614782333374,1.2368767261505127
Breast Cancer,ENSG00000171862,PI3Kbeta Inhibitor AZD8186,1.2721092700958252,-0.5544965863227844,-1.8266057968139648
Breast Cancer,ENSG00000171862,PI3Kbeta Inhibitor AZD8186,0.46641987562179565,0.15621471405029297,-0.3102051615715027
Breast Cancer,ENSG00000171862,PI3Kbeta Inhibitor AZD8186,2.830904483795166,2.4946446418762207,-0.3362598419189453
Breast Cancer,ENSG00000171862,PI3Kbeta Inhibitor AZD8186,4.286505699157715,4.364014625549316,0.07750892639160156
Breast Cancer,ENSG00000171862,PI3Kbeta Inhibitor AZD8186,3.691887617111206,4.578939914703369,0.8870522975921631
Cancer,ENSG00000171862,Paclitaxel,-1.1349201202392578,3.3232569694519043,4.458177089691162
Cancer,ENSG00000171862,Paclitaxel,-0.0018741786479949951,-1.3650243282318115,-1.3631501197814941
Cancer,ENSG00000171862,Paclitaxel,-1.6561603546142578,-0.346169114112854,1.3099912405014038
Cancer,ENSG00000171862,Paclitaxel,1.764345645904541,2.299132823944092,0.5347871780395508
Cancer,ENSG00000171862,Paclitaxel,0.34322845935821533,1.6509759426116943,1.307747483253479
Cancer,ENSG00000171862,Paclitaxel,0.38237228989601135,2.2072548866271973,1.8248826265335083
Cancer,ENSG00000171862,Paclitaxel,1.799039602279663,1.537388563156128,-0.26165103912353516
Cancer,ENSG00000171862,Paclitaxel,-2.502424955368042,1.8124687671661377,4.31489372253418
Cancer,ENSG00000171862,Paclitaxel,-2.2606289386749268,2.0180752277374268,4.2787041664123535
Cancer,ENSG00000171862,Paclitaxel,0.5824798345565796,2.3831374645233154,1.8006576299667358
Cancer,ENSG00000171862,Paclitaxel,0.76726895570755,2.2732841968536377,1.5060153007507324
Cancer,ENSG00000171862,Paclitaxel,-2.5226898193359375,3.489689588546753,6.0123796463012695
Cancer,ENSG00000171862,Paclitaxel,0.54245924949646,0.8134777545928955,0.27101850509643555
Cancer,ENSG00000171862,Paclitaxel,-0.26474064588546753,1.3428106307983398,1.6075513362884521
Cancer,ENSG00000171862,Paclitaxel,-2.251361608505249,3.983123302459717,6.234484672546387
Cancer,ENSG00000171862,Paclitaxel,-0.31097447872161865,0.645179271697998,0.9561537504196167
Cancer,ENSG00000171862,Paclitaxel,2.826512098312378,3.0089337825775146,0.18242168426513672
Cancer,ENSG00000171862,Paclitaxel,-0.9822506308555603,-0.36431819200515747,0.6179324388504028
Cancer,ENSG00000171862,Paclitaxel,-2.5299179553985596,0.45370739698410034,2.9836254119873047
Cancer,ENSG00000171862,Paclitaxel,-0.38749152421951294,0.5989061594009399,0.9863976836204529
Cancer,ENSG00000171862,Paclitaxel,0.05617305636405945,2.13910174369812,2.0829286575317383
Cancer,ENSG00000171862,Paclitaxel,-3.1017918586730957,-3.0314884185791016,0.07030344009399414
Cancer,ENSG00000171862,Paclitaxel,-0.19740748405456543,1.5511794090270996,1.748586893081665
Cancer,ENSG00000171862,Paclitaxel,-1.59114670753479,-0.8753344416618347,0.7158122658729553
Cancer,ENSG00000171862,Paclitaxel,2.215026378631592,2.382768392562866,0.16774201393127441
Cancer,ENSG00000171862,Paclitaxel,-1.4756147861480713,1.3544926643371582,2.8301074504852295
Cancer,ENSG00000171862,Paclitaxel,0.15463337302207947,2.7839810848236084,2.629347801208496
Cancer,ENSG00000171862,Paclitaxel,-1.0647056102752686,-0.9320294260978699,0.13267618417739868
Cancer,ENSG00000171862,Paclitaxel,1.100407361984253,1.0380988121032715,-0.062308549880981445
Cancer,ENSG00000171862,Paclitaxel,-1.8408286571502686,-1.1207551956176758,0.7200734615325928
Cancer,ENSG00000171862,Paclitaxel,-0.5806339383125305,0.0025670528411865234,0.583200991153717
Cancer,ENSG00000171862,Paclitaxel,0.8678147196769714,-0.38055533170700073,-1.2483700513839722
Cancer,ENSG00000171862,Paclitaxel,-1.1626250743865967,-0.9866181015968323,0.1760069727897644
Cancer,ENSG00000171862,Paclitaxel,-0.12534204125404358,2.4017794132232666,2.5271215438842773
Cancer,ENSG00000171862,Paclitaxel,1.3183398246765137,0.7309843301773071,-0.5873554944992065
Cancer,ENSG00000171862,Paclitaxel,-2.566148519515991,-1.4478235244750977,1.1183249950408936
Cancer,ENSG00000171862,Paclitaxel,-0.10994428396224976,0.6169714331626892,0.726915717124939
Cancer,ENSG00000171862,Paclitaxel,0.07615645229816437,2.85477614402771,2.7786197662353516
Cancer,ENSG00000171862,Paclitaxel,-1.776839017868042,0.41845303773880005,2.1952919960021973
Cancer,ENSG00000171862,Paclitaxel,-0.8810800909996033,-0.5903553366661072,0.2907247543334961
Cancer,ENSG00000171862,Paclitaxel,-2.481724977493286,0.2602197825908661,2.7419447898864746
Cancer,ENSG00000171862,Paclitaxel,-1.3858942985534668,0.6975403428077698,2.083434581756592
Cancer,ENSG00000171862,Paclitaxel,1.1069413423538208,-0.6780757308006287,-1.7850170135498047
Cancer,ENSG00000171862,Paclitaxel,1.070361852645874,2.79552960395813,1.7251677513122559
Cancer,ENSG00000171862,Paclitaxel,0.2749030292034149,-0.6286211609840393,-0.9035241603851318
Cancer,ENSG00000171862,Paclitaxel,-0.18453645706176758,1.2549540996551514,1.439490556716919
Cancer,ENSG00000171862,Paclitaxel,-3.7447011470794678,-0.9142482876777649,2.8304529190063477
Cancer,ENSG00000171862,Paclitaxel,-2.009779214859009,0.18036484718322754,2.1901440620422363
Cancer,ENSG00000171862,Paclitaxel,-0.4869629740715027,1.2094273567199707,1.6963903903961182
Cancer,ENSG00000171862,Paclitaxel,-0.8121177554130554,0.11454597115516663,0.9266637563705444
Cancer,ENSG00000171862,Paclitaxel,-2.2304928302764893,-1.4416115283966064,0.7888813018798828
Cancer,ENSG00000171862,Paclitaxel,-1.7299249172210693,-2.3225629329681396,-0.5926380157470703
Cancer,ENSG00000171862,Paclitaxel,-1.918294906616211,-1.8229515552520752,0.09534335136413574
Cancer,ENSG00000171862,Paclitaxel,-1.7266566753387451,-0.5104159116744995,1.2162407636642456
Cancer,ENSG00000171862,Paclitaxel,2.4509379863739014,2.1045737266540527,-0.34636425971984863
Cancer,ENSG00000171862,Paclitaxel,-3.1852900981903076,-1.7641563415527344,1.4211337566375732
Cancer,ENSG00000171862,Paclitaxel,-3.4715774059295654,1.787123441696167,5.258700847625732
Cancer,ENSG00000171862,Paclitaxel,-0.10752958059310913,2.433692455291748,2.541222095489502
Cancer,ENSG00000171862,Paclitaxel,-4.187994956970215,-3.5024993419647217,0.6854956150054932
Cancer,ENSG00000171862,Paclitaxel,-0.5276928544044495,1.6022334098815918,2.1299262046813965
Cancer,ENSG00000171862,Paclitaxel,-0.42083287239074707,0.2519182562828064,0.6727511286735535
Cancer,ENSG00000171862,Paclitaxel,-1.98637056350708,-0.05451458692550659,1.9318559169769287
Cancer,ENSG00000171862,Buparlisib,2.7954137325286865,3.3492283821105957,0.5538146495819092
Cancer,ENSG00000171862,Buparlisib,1.90964674949646,-0.9471238255500793,-2.8567705154418945
Cancer,ENSG00000171862,Buparlisib,1.0666693449020386,1.40028977394104,0.33362042903900146
Cancer,ENSG00000171862,Buparlisib,1.3035647869110107,1.8640387058258057,0.5604739189147949
Cancer,ENSG00000171862,Buparlisib,2.416147232055664,2.5892415046691895,0.1730942726135254
Cancer,ENSG00000171862,Buparlisib,3.2382166385650635,4.227596282958984,0.9893796443939209
Cancer,ENSG00000171862,Buparlisib,1.9126842021942139,1.2316184043884277,-0.6810657978057861
Cancer,ENSG00000171862,Buparlisib,2.1378698348999023,2.591620683670044,0.4537508487701416
Cancer,ENSG00000171862,Buparlisib,-0.8309585452079773,0.9049174785614014,1.7358760833740234
Cancer,ENSG00000171862,Buparlisib,4.75841760635376,4.778862476348877,0.020444869995117188
Cancer,ENSG00000171862,Buparlisib,1.5787508487701416,2.6204283237457275,1.041677474975586
Cancer,ENSG00000171862,Buparlisib,2.214179754257202,3.3744800090789795,1.1603002548217773
Cancer,ENSG00000171862,Buparlisib,0.7870394587516785,1.3366813659667969,0.5496419072151184
Cancer,ENSG00000171862,Buparlisib,2.2842276096343994,2.3531301021575928,0.06890249252319336
Cancer,ENSG00000171862,Buparlisib,1.440373182296753,3.515732526779175,2.075359344482422
Cancer,ENSG00000171862,Buparlisib,2.4871277809143066,0.4383053779602051,-2.0488224029541016
Cancer,ENSG00000171862,Buparlisib,3.1278252601623535,3.9442427158355713,0.8164174556732178
Cancer,ENSG00000171862,Buparlisib,0.2060847282409668,0.021522343158721924,-0.18456238508224487
Cancer,ENSG00000171862,Buparlisib,0.8140512108802795,0.8817692399024963,0.0677180290222168
Cancer,ENSG00000171862,Buparlisib,0.8037945628166199,2.6344242095947266,1.830629587173462
Cancer,ENSG00000171862,Buparlisib,1.6765592098236084,2.3454158306121826,0.6688566207885742
Cancer,ENSG00000171862,Buparlisib,1.6151254177093506,2.6390268802642822,1.0239014625549316
Cancer,ENSG00000171862,Buparlisib,1.876347541809082,1.5354506969451904,-0.3408968448638916
Cancer,ENSG00000171862,Buparlisib,0.6820127964019775,-1.012702226638794,-1.6947150230407715
Cancer,ENSG00000171862,Buparlisib,1.982269048690796,2.18072509765625,0.1984560489654541
Cancer,ENSG00000171862,Buparlisib,1.9653284549713135,2.6583001613616943,0.6929717063903809
Cancer,ENSG00000171862,Buparlisib,3.2053275108337402,2.4955716133117676,-0.7097558975219727
Cancer,ENSG00000171862,Buparlisib,1.2376716136932373,-0.301189661026001,-1.5388612747192383
Cancer,ENSG00000171862,Buparlisib,2.915367841720581,2.609295129776001,-0.3060727119445801
Cancer,ENSG00000171862,Buparlisib,2.2293541431427,1.3978679180145264,-0.8314862251281738
Cancer,ENSG00000171862,Buparlisib,0.43834519386291504,-1.6121115684509277,-2.0504567623138428
Cancer,ENSG00000171862,Buparlisib,0.05754530429840088,-1.4225592613220215,-1.4801045656204224
Cancer,ENSG00000171862,Buparlisib,-0.10320284962654114,-0.754626452922821,-0.6514235734939575
Cancer,ENSG00000171862,Buparlisib,1.1306428909301758,2.8206822872161865,1.6900393962860107
Cancer,ENSG00000171862,Buparlisib,1.7460122108459473,0.6978980302810669,-1.0481141805648804
Cancer,ENSG00000171862,Buparlisib,-0.4167804718017578,-0.18913429975509644,0.22764617204666138
Cancer,ENSG00000171862,Buparlisib,0.630910336971283,0.9577986598014832,0.3268883228302002
Cancer,ENSG00000171862,Buparlisib,0.7496848702430725,2.6805710792541504,1.9308862686157227
Cancer,ENSG00000171862,Buparlisib,2.179964065551758,1.249316930770874,-0.9306471347808838
Cancer,ENSG00000171862,Buparlisib,0.32199060916900635,-0.45154327154159546,-0.7735338807106018
Cancer,ENSG00000171862,Buparlisib,0.920016348361969,0.04339563846588135,-0.8766207098960876
Cancer,ENSG00000171862,Buparlisib,1.2747352123260498,2.792715072631836,1.5179798603057861
Cancer,ENSG00000171862,Buparlisib,1.1005091667175293,-1.291931390762329,-2.3924405574798584
Cancer,ENSG00000171862,Buparlisib,2.7597203254699707,2.1515729427337646,-0.608147382736206
Cancer,ENSG00000171862,Buparlisib,0.04836195707321167,-2.0547916889190674,-2.103153705596924
Cancer,ENSG00000171862,Buparlisib,1.5717566013336182,2.884674549102783,1.312917947769165
Cancer,ENSG00000171862,Buparlisib,-0.6070910096168518,-0.39685797691345215,0.21023303270339966
Cancer,ENSG00000171862,Buparlisib,0.3632902204990387,-0.012935459613800049,-0.37622568011283875
Cancer,ENSG00000171862,Buparlisib,2.3722660541534424,1.1425962448120117,-1.2296698093414307
Cancer,ENSG00000171862,Buparlisib,1.0717030763626099,1.001908540725708,-0.06979453563690186
Cancer,ENSG00000171862,Buparlisib,0.13374117016792297,-0.7372310161590576,-0.8709721565246582
Cancer,ENSG00000171862,Buparlisib,-0.07227504253387451,-0.8584627509117126,-0.7861877083778381
Cancer,ENSG00000171862,Buparlisib,0.06274285912513733,-1.2527580261230469,-1.3155008554458618
Cancer,ENSG00000171862,Buparlisib,-0.04267781972885132,-1.775693416595459,-1.733015537261963
Cancer,ENSG00000171862,Buparlisib,2.3573358058929443,3.4922127723693848,1.1348769664764404
Cancer,ENSG00000171862,Buparlisib,-0.4530982971191406,-1.2471892833709717,-0.794090986251831
Cancer,ENSG00000171862,Buparlisib,0.5784109830856323,2.545659065246582,1.9672480821609497
Cancer,ENSG00000171862,Buparlisib,0.6111501455307007,2.7265303134918213,2.11538028717041
Cancer,ENSG00000171862,Buparlisib,-0.05911064147949219,0.7248742580413818,0.783984899520874
Cancer,ENSG00000171862,Buparlisib,1.0591092109680176,-0.3973776698112488,-1.4564869403839111
Cancer,ENSG00000171862,Buparlisib,0.3560853898525238,1.2775118350982666,0.9214264154434204
Cancer,ENSG00000171862,Buparlisib,1.7037768363952637,-0.3378945589065552,-2.0416712760925293
Cancer,ENSG00000171862,Carboplatin,3.2193973064422607,5.015828609466553,1.796431303024292
Cancer,ENSG00000171862,Carboplatin,3.1494457721710205,1.0126738548278809,-2.1367719173431396
Cancer,ENSG00000171862,Carboplatin,4.553231239318848,1.888007640838623,-2.6652235984802246
Cancer,ENSG00000171862,Carboplatin,2.1298935413360596,2.7316670417785645,0.6017735004425049
Cancer,ENSG00000171862,Carboplatin,4.916447162628174,4.496905326843262,-0.4195418357849121
Cancer,ENSG00000171862,Carboplatin,4.158536911010742,4.829189300537109,0.6706523895263672
Cancer,ENSG00000171862,Carboplatin,4.165436744689941,2.8925387859344482,-1.2728979587554932
Cancer,ENSG00000171862,Carboplatin,4.086483001708984,3.268695116043091,-0.8177878856658936
Cancer,ENSG00000171862,Carboplatin,3.021604299545288,3.169077157974243,0.14747285842895508
Cancer,ENSG00000171862,Carboplatin,3.8814024925231934,3.417750597000122,-0.4636518955230713
Cancer,ENSG00000171862,Carboplatin,3.8360602855682373,3.5428600311279297,-0.2932002544403076
Cancer,ENSG00000171862,Carboplatin,4.247457504272461,3.664006471633911,-0.5834510326385498
Cancer,ENSG00000171862,Carboplatin,3.3013551235198975,2.5926945209503174,-0.7086606025695801
Cancer,ENSG00000171862,Carboplatin,4.5410590171813965,3.265821695327759,-1.2752373218536377
Cancer,ENSG00000171862,Carboplatin,4.298252105712891,4.443934917449951,0.14568281173706055
Cancer,ENSG00000171862,Carboplatin,4.635977268218994,1.9164068698883057,-2.7195703983306885
Cancer,ENSG00000171862,Carboplatin,4.841187000274658,4.019018650054932,-0.8221683502197266
Cancer,ENSG00000171862,Carboplatin,3.0399131774902344,1.940131664276123,-1.0997815132141113
Cancer,ENSG00000171862,Carboplatin,2.727461576461792,2.0359139442443848,-0.6915476322174072
Cancer,ENSG00000171862,Carboplatin,3.7021000385284424,3.448580741882324,-0.25351929664611816
Cancer,ENSG00000171862,Carboplatin,5.086103916168213,5.356664657592773,0.27056074142456055
Cancer,ENSG00000171862,Carboplatin,1.8169009685516357,2.3574764728546143,0.5405755043029785
Cancer,ENSG00000171862,Carboplatin,3.194272756576538,3.1602766513824463,-0.0339961051940918
Cancer,ENSG00000171862,Carboplatin,3.5006186962127686,0.6354168057441711,-2.865201950073242
Cancer,ENSG00000171862,Carboplatin,2.5083518028259277,3.974337577819824,1.4659857749938965
Cancer,ENSG00000171862,Carboplatin,5.435810565948486,3.1335673332214355,-2.302243232727051
Cancer,ENSG00000171862,Carboplatin,3.968564987182617,3.6060235500335693,-0.36254143714904785
Cancer,ENSG00000171862,Carboplatin,4.901503562927246,0.7418504953384399,-4.159653186798096
Cancer,ENSG00000171862,Carboplatin,5.416706562042236,5.333456516265869,-0.08325004577636719
Cancer,ENSG00000171862,Carboplatin,3.440063953399658,1.2244329452514648,-2.2156310081481934
Cancer,ENSG00000171862,Carboplatin,3.0863118171691895,2.071477174758911,-1.0148346424102783
Cancer,ENSG00000171862,Carboplatin,1.5551631450653076,0.20151963829994202,-1.353643536567688
Cancer,ENSG00000171862,Carboplatin,3.5439465045928955,0.6312566995620728,-2.912689685821533
Cancer,ENSG00000171862,Carboplatin,5.269162178039551,4.313037395477295,-0.9561247825622559
Cancer,ENSG00000171862,Carboplatin,4.731372356414795,2.8380985260009766,-1.8932738304138184
Cancer,ENSG00000171862,Carboplatin,3.1944282054901123,2.5256025791168213,-0.668825626373291
Cancer,ENSG00000171862,Carboplatin,4.095909595489502,3.1936285495758057,-0.9022810459136963
Cancer,ENSG00000171862,Carboplatin,4.170755863189697,3.8019120693206787,-0.36884379386901855
Cancer,ENSG00000171862,Carboplatin,4.740767002105713,2.411097288131714,-2.329669713973999
Cancer,ENSG00000171862,Carboplatin,4.1668195724487305,1.435333490371704,-2.7314860820770264
Cancer,ENSG00000171862,Carboplatin,2.8724048137664795,2.1535696983337402,-0.7188351154327393
Cancer,ENSG00000171862,Carboplatin,3.592334508895874,4.308456897735596,0.7161223888397217
Cancer,ENSG00000171862,Carboplatin,1.4589171409606934,0.309632807970047,-1.1492843627929688
Cancer,ENSG00000171862,Carboplatin,4.627694129943848,4.431422233581543,-0.1962718963623047
Cancer,ENSG00000171862,Carboplatin,1.3806967735290527,-0.6087308526039124,-1.9894275665283203
Cancer,ENSG00000171862,Carboplatin,4.709290027618408,5.358026027679443,0.6487360000610352
Cancer,ENSG00000171862,Carboplatin,5.354402542114258,2.81701397895813,-2.537388563156128
Cancer,ENSG00000171862,Carboplatin,3.295668363571167,1.0897791385650635,-2.2058892250061035
Cancer,ENSG00000171862,Carboplatin,2.8512074947357178,1.3801603317260742,-1.4710471630096436
Cancer,ENSG00000171862,Carboplatin,4.483404636383057,1.5852713584899902,-2.8981332778930664
Cancer,ENSG00000171862,Carboplatin,1.9538776874542236,0.6899808645248413,-1.2638968229293823
Cancer,ENSG00000171862,Carboplatin,3.4665281772613525,-0.2757682204246521,-3.7422964572906494
Cancer,ENSG00000171862,Carboplatin,2.633075475692749,-0.032124876976013184,-2.6652002334594727
Cancer,ENSG00000171862,Carboplatin,3.2328410148620605,0.08175498247146606,-3.1510860919952393
Cancer,ENSG00000171862,Carboplatin,3.4381823539733887,2.7341089248657227,-0.704073429107666
Cancer,ENSG00000171862,Carboplatin,2.5254032611846924,0.626577615737915,-1.8988256454467773
Cancer,ENSG00000171862,Carboplatin,4.228214740753174,4.092604637145996,-0.13561010360717773
Cancer,ENSG00000171862,Carboplatin,5.124151229858398,4.967562675476074,-0.15658855438232422
Cancer,ENSG00000171862,Carboplatin,2.9684126377105713,2.780586004257202,-0.18782663345336914
Cancer,ENSG00000171862,Carboplatin,3.8711609840393066,2.3364169597625732,-1.5347440242767334
Cancer,ENSG00000171862,Carboplatin,3.2646725177764893,1.6031684875488281,-1.6615040302276611
Cancer,ENSG00000171862,Carboplatin,3.9493248462677,0.426619291305542,-3.522705554962158
Prostate Cancer,ENSG00000012048,Olaparib,4.003846645355225,3.590101718902588,-0.4137449264526367
Prostate Cancer,ENSG00000012048,Olaparib,4.928081035614014,1.9622821807861328,-2.965798854827881
Endometrial Cancer,ENSG00000020922,Talazoparib,1.4603190422058105,-0.12601307034492493,-1.586332082748413
Pancreatic Carcinoma,ENSG00000171862,Akt Inhibitor MK2206,4.84198522567749,2.296422243118286,-2.545562982559204
Renal Carcinoma,ENSG00000134086,Temsirolimus,0.5241342782974243,0.026653051376342773,-0.49748122692108154
Renal Carcinoma,ENSG00000134086,Temsirolimus,2.012624502182007,2.625122308731079,0.6124978065490723
Her2-receptor Positive Breast Cancer,ENSG00000171862,Everolimus,-0.7811095118522644,0.020813286304473877,0.8019227981567383
Pancreatic Cancer,ENSG00000158169,Melphalan,4.256537914276123,2.3492496013641357,-1.9072883129119873
Pancreatic Cancer,ENSG00000158169,Chlorambucil,4.176011562347412,2.3355154991149902,-1.8404960632324219
Pancreatic Cancer,ENSG00000158169,Cisplatin,4.40912389755249,3.606717824935913,-0.8024060726165771
Pancreatic Cancer,ENSG00000158169,Mitomycin,4.7767438888549805,2.3194520473480225,-2.457291841506958
Pancreatic Cancer,ENSG00000158169,Gemcitabine,5.371251583099365,1.73142671585083,-3.639824867248535
Pancreatic Cancer,ENSG00000139618,Mitomycin,4.7767438888549805,1.446666955947876,-3.3300769329071045
Skin Melanoma,ENSG00000147889,Alvocidib,1.0502901077270508,1.3051104545593262,0.2548203468322754
Skin Melanoma,ENSG00000147889,Alvocidib,0.7355985641479492,1.0122075080871582,0.276608943939209
Skin Melanoma,ENSG00000147889,Alvocidib,0.9380548596382141,2.260418176651001,1.3223633766174316
Skin Melanoma,ENSG00000147889,Alvocidib,1.4597523212432861,1.3610050678253174,-0.09874725341796875
Skin Melanoma,ENSG00000147889,Alvocidib,0.024592190980911255,-0.24784234166145325,-0.2724345326423645
Skin Melanoma,ENSG00000147889,Alvocidib,0.9976633787155151,-1.0945944786071777,-2.0922579765319824
Skin Melanoma,ENSG00000147889,Alvocidib,0.3962525427341461,-0.6540018916130066,-1.050254464149475
Skin Melanoma,ENSG00000147889,Alvocidib,0.8874940872192383,-0.7874813675880432,-1.6749753952026367
Skin Melanoma,ENSG00000147889,Alvocidib,3.3474807739257812,2.191000461578369,-1.156480312347412
Renal Cell Carcinoma,ENSG00000147889,Palbociclib,0.9792603850364685,-2.5292017459869385,-3.5084621906280518
Renal Cell Carcinoma,ENSG00000147889,Palbociclib,4.389976978302002,3.4061548709869385,-0.9838221073150635
Renal Cell Carcinoma,ENSG00000147883,Palbociclib,0.9792603850364685,-1.270754337310791,-2.2500147819519043
Renal Cell Carcinoma,ENSG00000147883,Palbociclib,4.389976978302002,3.4256608486175537,-0.9643161296844482
Skin Melanoma,ENSG00000147889,Palbociclib,2.8196938037872314,0.3326975405216217,-2.4869961738586426
Skin Melanoma,ENSG00000147889,Palbociclib,1.9439687728881836,0.6476640105247498,-1.296304702758789
Skin Melanoma,ENSG00000147889,Palbociclib,2.7139179706573486,1.3510851860046387,-1.36283278465271
Skin Melanoma,ENSG00000147889,Palbociclib,2.551377296447754,1.2655978202819824,-1.2857794761657715
Skin Melanoma,ENSG00000147889,Palbociclib,0.9382877349853516,-0.10762715339660645,-1.045914888381958
Skin Melanoma,ENSG00000147889,Palbociclib,0.5726702213287354,-0.5320265889167786,-1.1046967506408691
Skin Melanoma,ENSG00000147889,Palbociclib,1.4642741680145264,-0.4786004424095154,-1.9428746700286865
Skin Melanoma,ENSG00000147889,Palbociclib,1.3316752910614014,-2.1336421966552734,-3.465317487716675
Skin Melanoma,ENSG00000147889,Palbociclib,4.291297912597656,3.9214975833892822,-0.369800329208374
Ovarian Cancer,ENSG00000147889,Palbociclib,3.164466142654419,-0.1007932722568512,-3.2652595043182373
Ovarian Cancer,ENSG00000147889,Palbociclib,3.482625722885132,3.015244245529175,-0.46738147735595703
Ovarian Cancer,ENSG00000147889,Palbociclib,4.9555792808532715,4.046841144561768,-0.9087381362915039
Ovarian Cancer,ENSG00000147889,Palbociclib,4.101670265197754,2.4477384090423584,-1.6539318561553955
Ovarian Cancer,ENSG00000147889,Palbociclib,3.1042349338531494,1.3225886821746826,-1.7816462516784668
Ovarian Cancer,ENSG00000147889,Palbociclib,4.741440296173096,4.574831008911133,-0.1666092872619629
Ovarian Cancer,ENSG00000147889,Palbociclib,2.4943416118621826,1.0137214660644531,-1.4806201457977295
Ovarian Cancer,ENSG00000147889,Palbociclib,1.8117280006408691,-1.4136509895324707,-3.22537899017334
Ovarian Cancer,ENSG00000147889,Palbociclib,1.8901441097259521,-0.8901367783546448,-2.780280828475952
Ovarian Cancer,ENSG00000147889,Palbociclib,3.4343154430389404,0.6734854578971863,-2.7608299255371094
Her2-receptor Positive Breast Cancer,ENSG00000171862,Trastuzumab,2.5317270755767822,1.794978141784668,-0.7367489337921143
Her2-receptor Positive Breast Cancer,ENSG00000171862,PI3K/BET Inhibitor LY294002,3.2653563022613525,4.371696472167969,1.1063401699066162
Stomach Cancer,ENSG00000171862,Capivasertib,-0.34983986616134644,-0.7552458643913269,-0.40540599822998047
Stomach Cancer,ENSG00000171862,Capivasertib,1.3986477851867676,2.6686460971832275,1.26999831199646
Stomach Cancer,ENSG00000171862,Capivasertib,1.8833541870117188,3.2484207153320312,1.3650665283203125
Stomach Cancer,ENSG00000171862,Docetaxel,0.19738814234733582,-1.7604374885559082,-1.9578256607055664
Stomach Cancer,ENSG00000171862,Docetaxel,0.889359176158905,1.453200340270996,0.5638411641120911
Stomach Cancer,ENSG00000171862,Docetaxel,3.0306589603424072,2.5459344387054443,-0.4847245216369629
Cancer,ENSG00000171862,Capivasertib,2.564582586288452,3.479754686355591,0.9151721000671387
Cancer,ENSG00000171862,Capivasertib,1.4449894428253174,-0.5241230130195618,-1.9691123962402344
Cancer,ENSG00000171862,Capivasertib,1.8841919898986816,0.7583250403404236,-1.1258668899536133
Cancer,ENSG00000171862,Capivasertib,3.364678144454956,2.804725408554077,-0.5599527359008789
Cancer,ENSG00000171862,Capivasertib,3.70823073387146,2.9844887256622314,-0.7237420082092285
Cancer,ENSG00000171862,Capivasertib,2.9064834117889404,3.582648992538452,0.6761655807495117
Cancer,ENSG00000171862,Capivasertib,3.237412214279175,2.137690544128418,-1.0997216701507568
Cancer,ENSG00000171862,Capivasertib,2.621805191040039,1.8585424423217773,-0.7632627487182617
Cancer,ENSG00000171862,Capivasertib,0.7835662961006165,2.048224449157715,1.2646582126617432
Cancer,ENSG00000171862,Capivasertib,5.594501972198486,5.039535045623779,-0.554966926574707
Cancer,ENSG00000171862,Capivasertib,2.463162422180176,2.407207727432251,-0.055954694747924805
Cancer,ENSG00000171862,Capivasertib,1.5218830108642578,4.582690715789795,3.060807704925537
Cancer,ENSG00000171862,Capivasertib,2.8659093379974365,1.3601431846618652,-1.5057661533355713
Cancer,ENSG00000171862,Capivasertib,3.968648672103882,2.3914170265197754,-1.5772316455841064
Cancer,ENSG00000171862,Capivasertib,1.4579315185546875,4.132293701171875,2.6743621826171875
Cancer,ENSG00000171862,Capivasertib,2.8251190185546875,2.1696584224700928,-0.6554605960845947
Cancer,ENSG00000171862,Capivasertib,3.7526543140411377,2.7412009239196777,-1.01145339012146
Cancer,ENSG00000171862,Capivasertib,1.7088396549224854,1.4524891376495361,-0.2563505172729492
Cancer,ENSG00000171862,Capivasertib,1.525782585144043,1.2516613006591797,-0.2741212844848633
Cancer,ENSG00000171862,Capivasertib,2.367546319961548,1.6680512428283691,-0.6994950771331787
Cancer,ENSG00000171862,Capivasertib,3.2409276962280273,3.645231008529663,0.40430331230163574
Cancer,ENSG00000171862,Capivasertib,1.427626132965088,0.7872557044029236,-0.6403704285621643
Cancer,ENSG00000171862,Capivasertib,2.7493128776550293,2.498335123062134,-0.2509777545928955
Cancer,ENSG00000171862,Capivasertib,2.5422277450561523,0.14855536818504333,-2.393672466278076
Cancer,ENSG00000171862,Capivasertib,3.017956256866455,2.1134204864501953,-0.9045357704162598
Cancer,ENSG00000171862,Capivasertib,3.0126466751098633,2.03887939453125,-0.9737672805786133
Cancer,ENSG00000171862,Capivasertib,2.9463815689086914,4.374702453613281,1.4283208847045898
Cancer,ENSG00000171862,Capivasertib,2.6609437465667725,1.1491668224334717,-1.5117769241333008
Cancer,ENSG00000171862,Capivasertib,3.5427350997924805,4.02646541595459,0.4837303161621094
Cancer,ENSG00000171862,Capivasertib,2.934992551803589,0.3241386115550995,-2.610853910446167
Cancer,ENSG00000171862,Capivasertib,0.7750215530395508,0.1752537488937378,-0.599767804145813
Cancer,ENSG00000171862,Capivasertib,1.7348060607910156,0.37944939732551575,-1.3553566932678223
Cancer,ENSG00000171862,Capivasertib,3.766291856765747,0.49198830127716064,-3.274303436279297
Cancer,ENSG00000171862,Capivasertib,2.406501531600952,2.8019959926605225,0.3954944610595703
Cancer,ENSG00000171862,Capivasertib,3.2929866313934326,1.9925806522369385,-1.3004059791564941
Cancer,ENSG00000171862,Capivasertib,1.1008780002593994,1.2448053359985352,0.14392733573913574
Cancer,ENSG00000171862,Capivasertib,2.4761722087860107,2.3473641872406006,-0.12880802154541016
Cancer,ENSG00000171862,Capivasertib,1.907463788986206,3.1308960914611816,1.2234323024749756
Cancer,ENSG00000171862,Capivasertib,4.027003765106201,2.455305814743042,-1.5716979503631592
Cancer,ENSG00000171862,Capivasertib,2.734900951385498,1.416398286819458,-1.31850266456604
Cancer,ENSG00000171862,Capivasertib,2.254899740219116,1.3685011863708496,-0.8863985538482666
Cancer,ENSG00000171862,Capivasertib,2.649782419204712,3.2131001949310303,0.5633177757263184
Cancer,ENSG00000171862,Capivasertib,1.2600600719451904,-0.15288600325584412,-1.412946105003357
Cancer,ENSG00000171862,Capivasertib,4.420910358428955,3.281785726547241,-1.1391246318817139
Cancer,ENSG00000171862,Capivasertib,1.4421348571777344,-0.4327489733695984,-1.8748838901519775
Cancer,ENSG00000171862,Capivasertib,2.3188095092773438,4.4453444480896,2.126534938812256
Cancer,ENSG00000171862,Capivasertib,3.2267441749572754,-0.06680408120155334,-3.293548345565796
Cancer,ENSG00000171862,Capivasertib,2.323439121246338,0.5111194849014282,-1.8123196363449097
Cancer,ENSG00000171862,Capivasertib,2.78537917137146,2.072263240814209,-0.713115930557251
Cancer,ENSG00000171862,Capivasertib,3.212263822555542,1.7890560626983643,-1.4232077598571777
Cancer,ENSG00000171862,Capivasertib,1.4476268291473389,-0.254128634929657,-1.7017555236816406
Cancer,ENSG00000171862,Capivasertib,1.491422414779663,-0.9113208651542664,-2.402743339538574
Cancer,ENSG00000171862,Capivasertib,1.3040151596069336,-0.7281135320663452,-2.0321288108825684
Cancer,ENSG00000171862,Capivasertib,0.5553058385848999,-0.9361291527748108,-1.4914350509643555
Cancer,ENSG00000171862,Capivasertib,3.7206361293792725,1.741389274597168,-1.9792468547821045
Cancer,ENSG00000171862,Capivasertib,-0.34983986616134644,-0.7552458643913269,-0.40540599822998047
Cancer,ENSG00000171862,Capivasertib,1.3986477851867676,2.6686460971832275,1.26999831199646
Cancer,ENSG00000171862,Capivasertib,1.8833541870117188,3.2484207153320312,1.3650665283203125
Cancer,ENSG00000171862,Capivasertib,2.0879743099212646,2.393342971801758,0.30536866188049316
Cancer,ENSG00000171862,Capivasertib,3.2541844844818115,2.582075834274292,-0.6721086502075195
Cancer,ENSG00000171862,Capivasertib,3.083698034286499,0.8205424547195435,-2.263155460357666
Cancer,ENSG00000171862,Capivasertib,3.8568122386932373,1.3832993507385254,-2.473512887954712
Head And Neck Squamous Cell Carcinoma,ENSG00000148400,Porcupine Inhibitor WNT974,4.59672212600708,4.760563373565674,0.16384124755859375
Endometrial Cancer,ENSG00000171862,Temsirolimus,0.2997717261314392,0.15822255611419678,-0.14154917001724243
Renal Cell Carcinoma,ENSG00000109670,Everolimus,0.9765911102294922,0.08586084842681885,-0.8907302618026733
Renal Cell Carcinoma,ENSG00000109670,Everolimus,1.7253334522247314,2.3904082775115967,0.6650748252868652
Cancer,ENSG00000109670,Sirolimus,0.8336525559425354,2.71126127243042,1.8776087760925293
Cancer,ENSG00000109670,Sirolimus,0.23350608348846436,1.0224177837371826,0.7889117002487183
Cancer,ENSG00000109670,Sirolimus,0.1695256233215332,1.207834005355835,1.0383083820343018
Cancer,ENSG00000109670,Sirolimus,3.1392273902893066,3.1171553134918213,-0.02207207679748535
Cancer,ENSG00000109670,Sirolimus,1.5022211074829102,3.3394052982330322,1.837184190750122
Cancer,ENSG00000109670,Sirolimus,1.4762985706329346,4.843716621398926,3.367418050765991
Cancer,ENSG00000109670,Sirolimus,2.8696117401123047,2.244309663772583,-0.6253020763397217
Cancer,ENSG00000109670,Sirolimus,0.7301549911499023,2.240248680114746,1.5100936889648438
Cancer,ENSG00000109670,Sirolimus,0.354528546333313,2.3038387298583984,1.9493101835250854
Cancer,ENSG00000109670,Sirolimus,2.5452935695648193,2.8526625633239746,0.3073689937591553
Cancer,ENSG00000109670,Sirolimus,2.2002956867218018,3.711244821548462,1.5109491348266602
Cancer,ENSG00000109670,Sirolimus,1.0272490978240967,3.7667593955993652,2.7395102977752686
Cancer,ENSG00000109670,Sirolimus,1.7348856925964355,1.584463357925415,-0.1504223346710205
Cancer,ENSG00000109670,Sirolimus,2.0119457244873047,2.389284133911133,0.3773384094238281
Cancer,ENSG00000109670,Sirolimus,1.5366652011871338,4.168489456176758,2.631824254989624
Cancer,ENSG00000109670,Sirolimus,2.0478997230529785,2.8981151580810547,0.8502154350280762
Cancer,ENSG00000109670,Sirolimus,3.8188438415527344,3.3083722591400146,-0.5104715824127197
Cancer,ENSG00000109670,Sirolimus,0.2946942150592804,0.5345975160598755,0.2399033010005951
Cancer,ENSG00000109670,Sirolimus,-0.1391279697418213,0.7961518168449402,0.9352797865867615
Cancer,ENSG00000109670,Sirolimus,0.39710092544555664,3.666135549545288,3.2690346240997314
Cancer,ENSG00000109670,Sirolimus,1.545440912246704,3.217705011367798,1.6722640991210938
Cancer,ENSG00000109670,Sirolimus,-1.4901323318481445,-1.1216130256652832,0.36851930618286133
Cancer,ENSG00000109670,Sirolimus,1.7990610599517822,1.5693867206573486,-0.2296743392944336
Cancer,ENSG00000109670,Sirolimus,0.40959852933883667,1.1073222160339355,0.6977236866950989
Cancer,ENSG00000109670,Sirolimus,2.4413583278656006,2.275606870651245,-0.16575145721435547
Cancer,ENSG00000109670,Sirolimus,2.275113344192505,2.492035150527954,0.21692180633544922
Cancer,ENSG00000109670,Sirolimus,2.014497995376587,2.5521256923675537,0.5376276969909668
Cancer,ENSG00000109670,Sirolimus,1.7474417686462402,1.1909105777740479,-0.5565311908721924
Cancer,ENSG00000109670,Sirolimus,1.6782212257385254,3.46378493309021,1.7855637073516846
Cancer,ENSG00000109670,Sirolimus,2.2935712337493896,-0.16516783833503723,-2.4587390422821045
Cancer,ENSG00000109670,Sirolimus,1.2196335792541504,2.2963716983795166,1.0767381191253662
Cancer,ENSG00000109670,Sirolimus,1.3906030654907227,2.0362632274627686,0.6456601619720459
Cancer,ENSG00000109670,Sirolimus,1.0519802570343018,0.7462390661239624,-0.30574119091033936
Cancer,ENSG00000109670,Sirolimus,2.2025015354156494,1.9887073040008545,-0.21379423141479492
Cancer,ENSG00000109670,Sirolimus,2.6326186656951904,1.3183999061584473,-1.3142187595367432
Cancer,ENSG00000109670,Sirolimus,-0.41231125593185425,-0.8790802359580994,-0.4667689800262451
Cancer,ENSG00000109670,Sirolimus,1.926414966583252,1.641322374343872,-0.2850925922393799
Cancer,ENSG00000109670,Sirolimus,1.7988266944885254,3.6801562309265137,1.8813295364379883
Cancer,ENSG00000109670,Sirolimus,0.9268035292625427,1.056957483291626,0.13015395402908325
Cancer,ENSG00000109670,Sirolimus,2.0701279640197754,1.8337435722351074,-0.23638439178466797
Cancer,ENSG00000109670,Sirolimus,0.5744063854217529,0.13607412576675415,-0.4383322596549988
Cancer,ENSG00000109670,Sirolimus,0.5353790521621704,3.0671186447143555,2.5317397117614746
Cancer,ENSG00000109670,Sirolimus,0.6662314534187317,0.20504409074783325,-0.46118736267089844
Cancer,ENSG00000109670,Sirolimus,2.2050065994262695,2.578559637069702,0.3735530376434326
Cancer,ENSG00000109670,Sirolimus,0.4370935559272766,0.05364382266998291,-0.3834497332572937
Cancer,ENSG00000109670,Sirolimus,0.5084688663482666,3.052450656890869,2.5439817905426025
Cancer,ENSG00000109670,Sirolimus,1.483492374420166,-0.4179425835609436,-1.9014348983764648
Cancer,ENSG00000109670,Sirolimus,-0.37160724401474,-0.9417809844017029,-0.5701737403869629
Cancer,ENSG00000109670,Sirolimus,0.4662468135356903,0.46323511004447937,-0.0030117034912109375
Cancer,ENSG00000109670,Sirolimus,0.6553316116333008,-0.22130602598190308,-0.8766376376152039
Cancer,ENSG00000109670,Sirolimus,-1.6229891777038574,-1.1560380458831787,0.4669511318206787
Cancer,ENSG00000109670,Sirolimus,-0.9126805663108826,-1.6642212867736816,-0.7515407204627991
Cancer,ENSG00000109670,Sirolimus,-1.2185580730438232,-1.2561497688293457,-0.03759169578552246
Cancer,ENSG00000109670,Sirolimus,0.005674093961715698,1.0926437377929688,1.0869696140289307
Cancer,ENSG00000109670,Sirolimus,2.649327516555786,2.699645519256592,0.050318002700805664
Cancer,ENSG00000109670,Sirolimus,-1.0284554958343506,-0.15625613927841187,0.8721993565559387
Cancer,ENSG00000109670,Sirolimus,-0.9931254982948303,2.812398910522461,3.8055243492126465
Cancer,ENSG00000109670,Sirolimus,2.4962456226348877,3.307555913925171,0.8113102912902832
Cancer,ENSG00000109670,Sirolimus,0.2291349470615387,0.44577184319496155,0.21663689613342285
Cancer,ENSG00000109670,Sirolimus,2.036175012588501,2.122264862060547,0.0860898494720459
Cancer,ENSG00000109670,Sirolimus,1.701141595840454,0.8927741646766663,-0.8083674311637878
Cancer,ENSG00000109670,Sirolimus,1.2031822204589844,0.906599223613739,-0.29658299684524536
Her2-receptor Negative Breast Cancer,ENSG00000147889,Letrozole,2.3920953273773193,1.824026107788086,-0.5680692195892334
Her2-receptor Negative Breast Cancer,ENSG00000147889,Palbociclib,3.15766978263855,2.199549913406372,-0.9581198692321777
Ewing Sarcoma,ENSG00000147889,Palbociclib,-0.13969585299491882,-0.9567036032676697,-0.8170077800750732
Ewing Sarcoma,ENSG00000147889,Palbociclib,0.29941752552986145,-0.029567420482635498,-0.32898494601249695
Ewing Sarcoma,ENSG00000147889,Linsitinib,0.8861649632453918,-0.7360469698905945,-1.6222119331359863
Ewing Sarcoma,ENSG00000147889,Linsitinib,0.75814288854599,-0.06064361333847046,-0.8187865018844604
Ewing Sarcoma,ENSG00000147883,Palbociclib,-0.13969585299491882,-0.9604673981666565,-0.8207715749740601
Ewing Sarcoma,ENSG00000147883,Palbociclib,0.29941752552986145,-0.15303486585617065,-0.4524523913860321
Ewing Sarcoma,ENSG00000147883,Linsitinib,0.8861649632453918,-0.9739192128181458,-1.8600841760635376
Ewing Sarcoma,ENSG00000147883,Linsitinib,0.75814288854599,-0.8800868391990662,-1.6382297277450562
Breast Cancer,ENSG00000012048,Pidnarulex,3.565516710281372,3.8994357585906982,0.33391904830932617
Breast Cancer,ENSG00000012048,Pidnarulex,1.662156105041504,0.2811051607131958,-1.381050944328308
Breast Cancer,ENSG00000012048,Pidnarulex,1.505194902420044,0.8456965684890747,-0.6594983339309692
Breast Cancer,ENSG00000012048,Pidnarulex,3.486992835998535,3.505418300628662,0.018425464630126953
Breast Cancer,ENSG00000012048,Pidnarulex,3.7331223487854004,3.3013055324554443,-0.43181681632995605
Breast Cancer,ENSG00000012048,Pidnarulex,4.256621360778809,5.674217700958252,1.4175963401794434
Breast Cancer,ENSG00000012048,Quarfloxin,3.8610689640045166,4.677755832672119,0.8166868686676025
Breast Cancer,ENSG00000012048,Quarfloxin,0.8710948824882507,0.4243199825286865,-0.4467748999595642
Breast Cancer,ENSG00000012048,Quarfloxin,-0.4037473201751709,0.5539326071739197,0.9576799273490906
Breast Cancer,ENSG00000012048,Quarfloxin,2.4786124229431152,2.9781734943389893,0.499561071395874
Breast Cancer,ENSG00000012048,Quarfloxin,3.582909345626831,2.8698835372924805,-0.7130258083343506
Breast Cancer,ENSG00000012048,Quarfloxin,3.622687578201294,3.9732534885406494,0.35056591033935547
Breast Cancer,ENSG00000139618,Quarfloxin,3.8610689640045166,4.0416436195373535,0.18057465553283691
Breast Cancer,ENSG00000139618,Quarfloxin,0.8710948824882507,-0.7451075911521912,-1.616202473640442
Breast Cancer,ENSG00000139618,Quarfloxin,-0.4037473201751709,1.435166358947754,1.8389136791229248
Breast Cancer,ENSG00000139618,Quarfloxin,2.4786124229431152,2.5139620304107666,0.03534960746765137
Breast Cancer,ENSG00000139618,Quarfloxin,3.582909345626831,3.289827346801758,-0.29308199882507324
Breast Cancer,ENSG00000139618,Quarfloxin,3.622687578201294,3.6328067779541016,0.010119199752807617
Breast Cancer,ENSG00000139618,Pidnarulex,3.565516710281372,3.1434268951416016,-0.4220898151397705
Breast Cancer,ENSG00000139618,Pidnarulex,1.662156105041504,-0.8341553807258606,-2.4963114261627197
Breast Cancer,ENSG00000139618,Pidnarulex,1.505194902420044,2.095080614089966,0.5898857116699219
Breast Cancer,ENSG00000139618,Pidnarulex,3.486992835998535,2.3039486408233643,-1.183044195175171
Breast Cancer,ENSG00000139618,Pidnarulex,3.7331223487854004,3.7972872257232666,0.06416487693786621
Breast Cancer,ENSG00000139618,Pidnarulex,4.256621360778809,5.121415615081787,0.8647942543029785
Her2-receptor Positive Breast Cancer,ENSG00000171862,Pictilisib,1.0576521158218384,3.1708438396453857,2.113191604614258
Ovarian Clear Cell Carcinoma,ENSG00000117713,Dasatinib,2.2234442234039307,0.750982403755188,-1.4724618196487427
Ovarian Clear Cell Carcinoma,ENSG00000117713,Dasatinib,2.4423987865448,3.7545697689056396,1.3121709823608398
Ovarian Clear Cell Carcinoma,ENSG00000117713,Dasatinib,4.184726238250732,3.855923891067505,-0.32880234718322754
Ovarian Clear Cell Carcinoma,ENSG00000117713,GSK126,0.7244781255722046,-0.40657883882522583,-1.1310570240020752
Ovarian Clear Cell Carcinoma,ENSG00000117713,GSK126,0.08881837129592896,0.7712369561195374,0.6824185848236084
Ovarian Clear Cell Carcinoma,ENSG00000117713,GSK126,2.642674446105957,0.9062963128089905,-1.7363781929016113
Breast Cancer,ENSG00000012048,Talazoparib,4.195771217346191,4.234374046325684,0.03860282897949219
Breast Cancer,ENSG00000012048,Talazoparib,2.382432460784912,0.5196363925933838,-1.8627960681915283
Breast Cancer,ENSG00000012048,Talazoparib,1.1876765489578247,1.4529759883880615,0.2652994394302368
Breast Cancer,ENSG00000012048,Talazoparib,3.520416259765625,2.9793365001678467,-0.5410797595977783
Breast Cancer,ENSG00000012048,Talazoparib,4.169573783874512,3.9669017791748047,-0.20267200469970703
Breast Cancer,ENSG00000012048,Talazoparib,4.563718318939209,5.422327518463135,0.8586091995239258
Breast Cancer,ENSG00000139618,Talazoparib,4.195771217346191,4.367429733276367,0.17165851593017578
Breast Cancer,ENSG00000139618,Talazoparib,2.382432460784912,0.2847844660282135,-2.0976479053497314
Breast Cancer,ENSG00000139618,Talazoparib,1.1876765489578247,2.291748523712158,1.1040719747543335
Breast Cancer,ENSG00000139618,Talazoparib,3.520416259765625,2.5125303268432617,-1.0078859329223633
Breast Cancer,ENSG00000139618,Talazoparib,4.169573783874512,4.182456970214844,0.012883186340332031
Breast Cancer,ENSG00000139618,Talazoparib,4.563718318939209,4.794775485992432,0.23105716705322266
Ovarian Cancer,ENSG00000139618,Talazoparib,1.5488567352294922,1.2255833148956299,-0.3232734203338623
Ovarian Cancer,ENSG00000139618,Talazoparib,3.9916958808898926,2.4629011154174805,-1.528794765472412
Ovarian Cancer,ENSG00000139618,Talazoparib,3.487877130508423,0.3311142325401306,-3.1567628383636475
Ovarian Cancer,ENSG00000139618,Talazoparib,4.216080665588379,3.5200579166412354,-0.6960227489471436
Ovarian Cancer,ENSG00000139618,Talazoparib,1.3410007953643799,2.0782885551452637,0.7372877597808838
Ovarian Cancer,ENSG00000139618,Talazoparib,3.873563766479492,3.7624168395996094,-0.11114692687988281
Ovarian Cancer,ENSG00000139618,Talazoparib,3.6047065258026123,1.0480618476867676,-2.5566446781158447
Ovarian Cancer,ENSG00000139618,Talazoparib,1.548008680343628,0.7140519618988037,-0.8339567184448242
Ovarian Cancer,ENSG00000139618,Talazoparib,1.398686408996582,0.8881630897521973,-0.5105233192443848
Ovarian Cancer,ENSG00000139618,Talazoparib,2.9094138145446777,0.40668046474456787,-2.5027332305908203
Ovarian Cancer,ENSG00000012048,Talazoparib,1.5488567352294922,0.2984435558319092,-1.250413179397583
Ovarian Cancer,ENSG00000012048,Talazoparib,3.9916958808898926,3.646453380584717,-0.3452425003051758
Ovarian Cancer,ENSG00000012048,Talazoparib,3.487877130508423,3.0971271991729736,-0.3907499313354492
Ovarian Cancer,ENSG00000012048,Talazoparib,4.216080665588379,3.7396082878112793,-0.4764723777770996
Ovarian Cancer,ENSG00000012048,Talazoparib,1.3410007953643799,1.388331651687622,0.04733085632324219
Ovarian Cancer,ENSG00000012048,Talazoparib,3.873563766479492,4.590832233428955,0.7172684669494629
Ovarian Cancer,ENSG00000012048,Talazoparib,3.6047065258026123,0.9732000231742859,-2.6315064430236816
Ovarian Cancer,ENSG00000012048,Talazoparib,1.548008680343628,-0.11210951209068298,-1.6601182222366333
Ovarian Cancer,ENSG00000012048,Talazoparib,1.398686408996582,0.9156888127326965,-0.4829975962638855
Ovarian Cancer,ENSG00000012048,Talazoparib,2.9094138145446777,0.62873375415802,-2.2806801795959473
Her2-receptor Negative Breast Cancer,ENSG00000012048,Olaparib,4.345651149749756,2.662332773208618,-1.6833183765411377
Her2-receptor Negative Breast Cancer,ENSG00000139618,Olaparib,4.345651149749756,5.278894901275635,0.9332437515258789
Colorectal Cancer,ENSG00000138376,Olaparib,4.03325891494751,1.575502634048462,-2.457756280899048
Colorectal Cancer,ENSG00000138376,Olaparib,3.805777072906494,2.709716796875,-1.0960602760314941
Colorectal Cancer,ENSG00000138376,Olaparib,5.326487064361572,4.299938678741455,-1.0265483856201172
Colorectal Cancer,ENSG00000138376,Olaparib,5.140739440917969,2.396791458129883,-2.743947982788086
Colorectal Cancer,ENSG00000138376,Olaparib,4.040088176727295,3.0960257053375244,-0.9440624713897705
Colorectal Cancer,ENSG00000138376,Olaparib,3.5542643070220947,1.9051315784454346,-1.6491327285766602
Sarcoma,ENSG00000130707,Chloroquine,0.902252733707428,0.45845016837120056,-0.4438025653362274
Sarcoma,ENSG00000130707,Chloroquine,0.03706769645214081,0.7726036906242371,0.7355359792709351
Sarcoma,ENSG00000130707,Pegargiminase,2.772564649581909,1.3289084434509277,-1.4436562061309814
Sarcoma,ENSG00000130707,Pegargiminase,2.415221929550171,1.8749752044677734,-0.5402467250823975
Lung Non-small Cell Carcinoma,ENSG00000145715,Trametinib,-1.7949566841125488,2.132404327392578,3.927361011505127
Lung Non-small Cell Carcinoma,ENSG00000145715,Trametinib,-1.9666426181793213,1.0556399822235107,3.022282600402832
Lung Non-small Cell Carcinoma,ENSG00000145715,Trametinib,1.8738901615142822,3.173002004623413,1.2991118431091309
Lung Non-small Cell Carcinoma,ENSG00000145715,Trametinib,0.6535810828208923,2.8274872303009033,2.173906087875366
Lung Non-small Cell Carcinoma,ENSG00000145715,Trametinib,0.010248899459838867,4.073318958282471,4.063070297241211
Lung Non-small Cell Carcinoma,ENSG00000145715,Trametinib,-1.3979754447937012,0.3902074694633484,1.7881829738616943
Lung Non-small Cell Carcinoma,ENSG00000145715,Trametinib,-0.1402575969696045,1.756786584854126,1.8970441818237305
Lung Non-small Cell Carcinoma,ENSG00000145715,Trametinib,-0.1665029525756836,3.893444299697876,4.0599470138549805
Lung Non-small Cell Carcinoma,ENSG00000145715,Trametinib,-0.0035240352153778076,1.056588053703308,1.0601121187210083
Lung Non-small Cell Carcinoma,ENSG00000145715,Trametinib,1.653019666671753,3.385298252105713,1.73227858543396
Lung Non-small Cell Carcinoma,ENSG00000145715,Trametinib,-0.06805199384689331,0.48977136611938477,0.5578233599662781
Lung Non-small Cell Carcinoma,ENSG00000145715,Trametinib,-2.5740582942962646,0.8498123288154602,3.42387056350708
Lung Non-small Cell Carcinoma,ENSG00000145715,Trametinib,0.21847404539585114,2.6626594066619873,2.444185256958008
Lung Non-small Cell Carcinoma,ENSG00000145715,Trametinib,-0.272797167301178,2.836195707321167,3.1089928150177
Lung Non-small Cell Carcinoma,ENSG00000145715,Trametinib,0.23044604063034058,0.9117763638496399,0.6813303232192993
Lung Non-small Cell Carcinoma,ENSG00000145715,Trametinib,-0.228790283203125,2.1940505504608154,2.4228408336639404
Lung Non-small Cell Carcinoma,ENSG00000127616,Palbociclib,4.556752681732178,2.846874713897705,-1.7098779678344727
Lung Non-small Cell Carcinoma,ENSG00000127616,Palbociclib,0.7029195427894592,1.6294200420379639,0.9265004992485046
Lung Non-small Cell Carcinoma,ENSG00000127616,Palbociclib,4.42555570602417,4.6343817710876465,0.20882606506347656
Lung Non-small Cell Carcinoma,ENSG00000127616,Palbociclib,3.296583890914917,3.8894975185394287,0.5929136276245117
Lung Non-small Cell Carcinoma,ENSG00000127616,Palbociclib,4.136878490447998,4.018268585205078,-0.11860990524291992
Lung Non-small Cell Carcinoma,ENSG00000127616,Palbociclib,3.280815362930298,2.290370225906372,-0.9904451370239258
Lung Non-small Cell Carcinoma,ENSG00000127616,Palbociclib,3.765601396560669,3.5361945629119873,-0.22940683364868164
Lung Non-small Cell Carcinoma,ENSG00000127616,Palbociclib,3.036921739578247,3.4741759300231934,0.4372541904449463
Lung Non-small Cell Carcinoma,ENSG00000127616,Palbociclib,5.242767810821533,4.081365585327148,-1.1614022254943848
Lung Non-small Cell Carcinoma,ENSG00000127616,Palbociclib,4.877055644989014,4.4408087730407715,-0.4362468719482422
Lung Non-small Cell Carcinoma,ENSG00000127616,Palbociclib,3.242051839828491,1.2977268695831299,-1.9443249702453613
Lung Non-small Cell Carcinoma,ENSG00000127616,Palbociclib,2.754297971725464,0.6854448914527893,-2.0688531398773193
Lung Non-small Cell Carcinoma,ENSG00000127616,Palbociclib,3.081146240234375,3.3991172313690186,0.31797099113464355
Lung Non-small Cell Carcinoma,ENSG00000127616,Palbociclib,3.951306104660034,4.833924770355225,0.8826186656951904
Lung Non-small Cell Carcinoma,ENSG00000127616,Palbociclib,1.9813239574432373,1.2676100730895996,-0.7137138843536377
Lung Non-small Cell Carcinoma,ENSG00000127616,Palbociclib,3.65336275100708,2.6834728717803955,-0.9698898792266846
Lung Non-small Cell Carcinoma,ENSG00000127616,Abemaciclib,3.2730278968811035,3.404025077819824,0.1309971809387207
Lung Non-small Cell Carcinoma,ENSG00000127616,Abemaciclib,-0.6407975554466248,3.0632057189941406,3.70400333404541
Lung Non-small Cell Carcinoma,ENSG00000127616,Abemaciclib,3.9692509174346924,4.241667747497559,0.2724168300628662
Lung Non-small Cell Carcinoma,ENSG00000127616,Abemaciclib,2.5509302616119385,5.103314399719238,2.5523841381073
Lung Non-small Cell Carcinoma,ENSG00000127616,Abemaciclib,3.174227476119995,4.667479991912842,1.4932525157928467
Lung Non-small Cell Carcinoma,ENSG00000127616,Abemaciclib,1.4882700443267822,2.507822036743164,1.0195519924163818
Lung Non-small Cell Carcinoma,ENSG00000127616,Abemaciclib,3.2293622493743896,3.2114620208740234,-0.01790022850036621
Lung Non-small Cell Carcinoma,ENSG00000127616,Abemaciclib,2.5886991024017334,4.641767978668213,2.0530688762664795
Lung Non-small Cell Carcinoma,ENSG00000127616,Abemaciclib,3.5241482257843018,3.0596442222595215,-0.4645040035247803
Lung Non-small Cell Carcinoma,ENSG00000127616,Abemaciclib,3.526630163192749,5.370924472808838,1.8442943096160889
Lung Non-small Cell Carcinoma,ENSG00000127616,Abemaciclib,1.8343729972839355,0.959415853023529,-0.8749571442604065
Lung Non-small Cell Carcinoma,ENSG00000127616,Abemaciclib,1.8353679180145264,0.6988503336906433,-1.1365175247192383
Lung Non-small Cell Carcinoma,ENSG00000127616,Abemaciclib,1.8217849731445312,1.7951853275299072,-0.026599645614624023
Lung Non-small Cell Carcinoma,ENSG00000127616,Abemaciclib,2.706299066543579,4.533575057983398,1.8272759914398193
Lung Non-small Cell Carcinoma,ENSG00000127616,Abemaciclib,1.1435682773590088,1.0675681829452515,-0.07600009441375732
Lung Non-small Cell Carcinoma,ENSG00000127616,Abemaciclib,2.467290163040161,3.0473711490631104,0.5800809860229492
Pancreatic Adenocarcinoma,ENSG00000012048,Olaparib,4.871621608734131,2.707432270050049,-2.164189338684082
Pancreatic Adenocarcinoma,ENSG00000139618,Olaparib,4.871621608734131,1.6387887001037598,-3.232832908630371
Her2-receptor Positive Breast Cancer,ENSG00000171862,PI-103,2.3648550510406494,3.0957276821136475,0.730872631072998
Her2-receptor Negative Breast Cancer,ENSG00000012048,Olaparib,4.345651149749756,2.662332773208618,-1.6833183765411377
Her2-receptor Negative Breast Cancer,ENSG00000139618,Olaparib,4.345651149749756,5.278894901275635,0.9332437515258789
Triple-receptor Negative Breast Cancer,ENSG00000012048,Olaparib,4.9206976890563965,3.5424439907073975,-1.378253698348999
Triple-receptor Negative Breast Cancer,ENSG00000012048,Olaparib,5.0033063888549805,3.228907346725464,-1.7743990421295166
Triple-receptor Negative Breast Cancer,ENSG00000139618,Olaparib,4.9206976890563965,3.23995041847229,-1.6807472705841064
Triple-receptor Negative Breast Cancer,ENSG00000139618,Olaparib,5.0033063888549805,3.5376102924346924,-1.465696096420288
Lung Non-small Cell Carcinoma,ENSG00000147889,Palbociclib,4.556752681732178,2.4398999214172363,-2.1168527603149414
Lung Non-small Cell Carcinoma,ENSG00000147889,Palbociclib,0.7029195427894592,0.5390375852584839,-0.16388195753097534
Lung Non-small Cell Carcinoma,ENSG00000147889,Palbociclib,4.42555570602417,4.141627311706543,-0.28392839431762695
Lung Non-small Cell Carcinoma,ENSG00000147889,Palbociclib,3.296583890914917,2.711228609085083,-0.585355281829834
Lung Non-small Cell Carcinoma,ENSG00000147889,Palbociclib,4.136878490447998,3.8030431270599365,-0.3338353633880615
Lung Non-small Cell Carcinoma,ENSG00000147889,Palbociclib,3.280815362930298,2.208428382873535,-1.0723869800567627
Lung Non-small Cell Carcinoma,ENSG00000147889,Palbociclib,3.765601396560669,3.441728115081787,-0.32387328147888184
Lung Non-small Cell Carcinoma,ENSG00000147889,Palbociclib,3.036921739578247,3.271972894668579,0.23505115509033203
Lung Non-small Cell Carcinoma,ENSG00000147889,Palbociclib,5.242767810821533,3.598217725753784,-1.644550085067749
Lung Non-small Cell Carcinoma,ENSG00000147889,Palbociclib,4.877055644989014,3.3987619876861572,-1.4782936573028564
Lung Non-small Cell Carcinoma,ENSG00000147889,Palbociclib,3.242051839828491,-0.1515243649482727,-3.393576145172119
Lung Non-small Cell Carcinoma,ENSG00000147889,Palbociclib,2.754297971725464,0.32116198539733887,-2.433135986328125
Lung Non-small Cell Carcinoma,ENSG00000147889,Palbociclib,3.081146240234375,3.7575292587280273,0.6763830184936523
Lung Non-small Cell Carcinoma,ENSG00000147889,Palbociclib,3.9513065814971924,4.468245029449463,0.5169384479522705
Lung Non-small Cell Carcinoma,ENSG00000147889,Palbociclib,1.9813239574432373,0.9917239546775818,-0.9896000027656555
Lung Non-small Cell Carcinoma,ENSG00000147889,Palbociclib,3.65336275100708,1.7785148620605469,-1.8748478889465332
